,order_id,user_id,date,product_id,payment_method,shipping_address,return_eligible_date,quantity
0,5000,2,2025-07-06,471,Cash On Delivery,"97471 Brown Park Suite 053, New Kevin, AR 85256",2025-07-16,3
1,5001,2,2025-08-08,196,Debit Card,"97471 Brown Park Suite 053, New Kevin, AR 85256",2025-09-07,3
2,5002,2,2025-07-05,295,Credit Card,"97471 Brown Park Suite 053, New Kevin, AR 85256",2025-07-25,1
3,5003,4,2025-07-17,461,PayPal,"1361 Sarah Ford, Denisetown, CT 35481",2025-08-16,2
4,5004,2,2025-06-21,210,Debit Card,"97471 Brown Park Suite 053, New Kevin, AR 85256",2025-07-21,1
5,5005,3,2025-06-25,244,Debit Card,"52466 Rachel Plaza, South Ashley, KS 06345",2025-07-25,3
6,5006,2,2025-06-11,205,Debit Card,"97471 Brown Park Suite 053, New Kevin, AR 85256",2025-07-01,3
7,5007,4,2025-07-02,188,Debit Card,"1361 Sarah Ford, Denisetown, CT 35481",2025-07-22,1
8,5008,4,2025-06-22,277,Credit Card,"1361 Sarah Ford, Denisetown, CT 35481",2025-07-02,1
9,5009,4,2025-05-30,324,PayPal,"1361 Sarah Ford, Denisetown, CT 35481",2025-06-09,1
10,5010,3,2025-05-29,425,Debit Card,"52466 Rachel Plaza, South Ashley, KS 06345",2025-06-13,3
11,5011,4,2025-06-29,262,Debit Card,"1361 Sarah Ford, Denisetown, CT 35481",2025-07-19,1
12,5012,1,2025-06-10,144,Debit Card,"90171 Alexandra Mills, Port Jillianside, AL 21228",2025-06-30,1
13,5013,2,2025-06-27,368,Credit Card,"97471 Brown Park Suite 053, New Kevin, AR 85256",2025-07-27,1
14,5014,1,2025-07-07,224,Credit Card,"90171 Alexandra Mills, Port Jillianside, AL 21228",2025-08-06,2
15,5015,4,2025-05-23,139,PayPal,"1361 Sarah Ford, Denisetown, CT 35481",2025-06-12,1
16,5016,4,2025-06-09,126,Credit Card,"1361 Sarah Ford, Denisetown, CT 35481",2025-06-19,1
17,5017,4,2025-07-06,100,Debit Card,"1361 Sarah Ford, Denisetown, CT 35481",2025-07-16,2
18,5018,1,2025-05-28,113,Cash On Delivery,"90171 Alexandra Mills, Port Jillianside, AL 21228",2025-06-12,1
19,5019,3,2025-07-31,149,Credit Card,"52466 Rachel Plaza, South Ashley, KS 06345",2025-08-20,3
20,5020,1,2025-06-21,270,Debit Card,"90171 Alexandra Mills, Port Jillianside, AL 21228",2025-07-21,1
21,5021,4,2025-07-04,196,Cash On Delivery,"1361 Sarah Ford, Denisetown, CT 35481",2025-08-03,1
22,5022,3,2025-06-28,454,Debit Card,"52466 Rachel Plaza, South Ashley, KS 06345",2025-07-13,2
23,5023,2,2025-08-16,299,PayPal,"97471 Brown Park Suite 053, New Kevin, AR 85256",2025-08-31,1
24,5024,1,2025-08-06,423,Credit Card,"90171 Alexandra Mills, Port Jillianside, AL 21228",2025-08-26,2
25,5025,2,2025-07-13,475,PayPal,"97471 Brown Park Suite 053, New Kevin, AR 85256",2025-08-02,3
26,5026,2,2025-08-10,194,Debit Card,"97471 Brown Park Suite 053, New Kevin, AR 85256",2025-09-09,3
27,5027,2,2025-05-26,192,Credit Card,"97471 Brown Park Suite 053, New Kevin, AR 85256",2025-06-15,2
28,5028,4,2025-05-25,445,Cash On Delivery,"1361 Sarah Ford, Denisetown, CT 35481",2025-06-09,2
29,5029,3,2025-05-22,345,Debit Card,"52466 Rachel Plaza, South Ashley, KS 06345",2025-06-11,2
30,5030,2,2025-07-14,494,Credit Card,"97471 Brown Park Suite 053, New Kevin, AR 85256",2025-08-13,2
31,5031,3,2025-07-05,338,Debit Card,"52466 Rachel Plaza, South Ashley, KS 06345",2025-08-04,3
32,5032,1,2025-06-01,384,Credit Card,"90171 Alexandra Mills, Port Jillianside, AL 21228",2025-06-16,3
33,5033,3,2025-07-29,186,PayPal,"52466 Rachel Plaza, South Ashley, KS 06345",2025-08-08,3
34,5034,3,2025-07-30,405,Cash On Delivery,"52466 Rachel Plaza, South Ashley, KS 06345",2025-08-14,2
35,5035,3,2025-06-08,420,Credit Card,"52466 Rachel Plaza, South Ashley, KS 06345",2025-06-28,2
36,5036,4,2025-08-07,106,Debit Card,"1361 Sarah Ford, Denisetown, CT 35481",2025-08-22,1
37,5037,3,2025-07-19,100,PayPal,"52466 Rachel Plaza, South Ashley, KS 06345",2025-07-29,2
38,5038,3,2025-07-01,221,Cash On Delivery,"52466 Rachel Plaza, South Ashley, KS 06345",2025-07-21,1
39,5039,4,2025-07-16,365,Debit Card,"1361 Sarah Ford, Denisetown, CT 35481",2025-07-31,2
40,5040,2,2025-08-01,235,PayPal,"97471 Brown Park Suite 053, New Kevin, AR 85256",2025-08-11,2
41,5041,3,2025-06-09,376,Credit Card,"52466 Rachel Plaza, South Ashley, KS 06345",2025-07-09,1
42,5042,4,2025-06-20,199,Cash On Delivery,"1361 Sarah Ford, Denisetown, CT 35481",2025-07-20,1
43,5043,2,2025-07-19,267,Debit Card,"97471 Brown Park Suite 053, New Kevin, AR 85256",2025-07-29,3
44,5044,2,2025-08-14,242,PayPal,"97471 Brown Park Suite 053, New Kevin, AR 85256",2025-09-13,3
45,5045,4,2025-06-17,401,Debit Card,"1361 Sarah Ford, Denisetown, CT 35481",2025-07-17,1
46,5046,3,2025-07-19,358,Debit Card,"52466 Rachel Plaza, South Ashley, KS 06345",2025-07-29,3
47,5047,1,2025-08-04,149,Cash On Delivery,"90171 Alexandra Mills, Port Jillianside, AL 21228",2025-08-24,2
48,5048,1,2025-07-08,309,Debit Card,"90171 Alexandra Mills, Port Jillianside, AL 21228",2025-07-28,1
49,5049,2,2025-07-21,413,PayPal,"97471 Brown Park Suite 053, New Kevin, AR 85256",2025-07-31,2
50,5050,4,2025-07-22,499,Cash On Delivery,"1361 Sarah Ford, Denisetown, CT 35481",2025-08-21,2
51,5051,1,2025-07-29,389,Cash On Delivery,"90171 Alexandra Mills, Port Jillianside, AL 21228",2025-08-28,3
52,5052,1,2025-08-13,246,Debit Card,"90171 Alexandra Mills, Port Jillianside, AL 21228",2025-08-23,1
53,5053,4,2025-06-07,155,Credit Card,"1361 Sarah Ford, Denisetown, CT 35481",2025-06-17,3
54,5054,3,2025-08-05,182,Credit Card,"52466 Rachel Plaza, South Ashley, KS 06345",2025-08-20,2
55,5055,3,2025-06-22,426,Debit Card,"52466 Rachel Plaza, South Ashley, KS 06345",2025-07-02,1
56,5056,4,2025-08-13,207,Credit Card,"1361 Sarah Ford, Denisetown, CT 35481",2025-08-28,2
57,5057,3,2025-05-24,412,Credit Card,"52466 Rachel Plaza, South Ashley, KS 06345",2025-06-03,2
58,5058,2,2025-08-01,328,Cash On Delivery,"97471 Brown Park Suite 053, New Kevin, AR 85256",2025-08-31,2
59,5059,4,2025-07-08,233,Credit Card,"1361 Sarah Ford, Denisetown, CT 35481",2025-07-28,3
60,5060,4,2025-07-27,497,Debit Card,"1361 Sarah Ford, Denisetown, CT 35481",2025-08-26,3
61,5061,2,2025-08-08,407,Debit Card,"97471 Brown Park Suite 053, New Kevin, AR 85256",2025-09-07,1
62,5062,1,2025-06-24,242,Cash On Delivery,"90171 Alexandra Mills, Port Jillianside, AL 21228",2025-07-24,2
63,5063,1,2025-08-16,300,PayPal,"90171 Alexandra Mills, Port Jillianside, AL 21228",2025-09-15,3
64,5064,3,2025-05-25,213,Cash On Delivery,"52466 Rachel Plaza, South Ashley, KS 06345",2025-06-14,3
65,5065,2,2025-06-17,358,Cash On Delivery,"97471 Brown Park Suite 053, New Kevin, AR 85256",2025-06-27,1
66,5066,2,2025-06-16,480,PayPal,"97471 Brown Park Suite 053, New Kevin, AR 85256",2025-07-01,3
67,5067,2,2025-07-26,466,PayPal,"97471 Brown Park Suite 053, New Kevin, AR 85256",2025-08-05,3
68,5068,3,2025-07-25,493,PayPal,"52466 Rachel Plaza, South Ashley, KS 06345",2025-08-09,3
69,5069,1,2025-07-08,136,Cash On Delivery,"90171 Alexandra Mills, Port Jillianside, AL 21228",2025-07-28,1
70,5070,2,2025-07-17,198,PayPal,"97471 Brown Park Suite 053, New Kevin, AR 85256",2025-08-16,3
71,5071,2,2025-06-25,288,Credit Card,"97471 Brown Park Suite 053, New Kevin, AR 85256",2025-07-05,2
72,5072,1,2025-07-12,308,PayPal,"90171 Alexandra Mills, Port Jillianside, AL 21228",2025-08-11,3
73,5073,1,2025-05-29,266,PayPal,"90171 Alexandra Mills, Port Jillianside, AL 21228",2025-06-08,1
74,5074,3,2025-05-23,198,Cash On Delivery,"52466 Rachel Plaza, South Ashley, KS 06345",2025-06-22,3
75,5075,1,2025-05-21,450,PayPal,"90171 Alexandra Mills, Port Jillianside, AL 21228",2025-05-31,1
76,5076,2,2025-05-22,169,Cash On Delivery,"97471 Brown Park Suite 053, New Kevin, AR 85256",2025-06-06,1
77,5077,1,2025-07-31,399,PayPal,"90171 Alexandra Mills, Port Jillianside, AL 21228",2025-08-20,3
78,5078,2,2025-06-16,243,Cash On Delivery,"97471 Brown Park Suite 053, New Kevin, AR 85256",2025-06-26,2
79,5079,2,2025-08-03,363,Cash On Delivery,"97471 Brown Park Suite 053, New Kevin, AR 85256",2025-08-18,1
80,5080,3,2025-06-21,273,Credit Card,"52466 Rachel Plaza, South Ashley, KS 06345",2025-07-11,3
81,5081,1,2025-06-21,217,Credit Card,"90171 Alexandra Mills, Port Jillianside, AL 21228",2025-07-06,1
82,5082,4,2025-07-04,328,Debit Card,"1361 Sarah Ford, Denisetown, CT 35481",2025-08-03,3
83,5083,1,2025-08-04,164,Debit Card,"90171 Alexandra Mills, Port Jillianside, AL 21228",2025-09-03,2
84,5084,4,2025-07-09,440,Credit Card,"1361 Sarah Ford, Denisetown, CT 35481",2025-08-08,1
85,5085,2,2025-08-14,129,Cash On Delivery,"97471 Brown Park Suite 053, New Kevin, AR 85256",2025-09-13,3
86,5086,1,2025-07-26,227,PayPal,"90171 Alexandra Mills, Port Jillianside, AL 21228",2025-08-15,2
87,5087,4,2025-07-20,484,Debit Card,"1361 Sarah Ford, Denisetown, CT 35481",2025-08-19,2
88,5088,1,2025-07-08,215,Cash On Delivery,"90171 Alexandra Mills, Port Jillianside, AL 21228",2025-08-07,1
89,5089,4,2025-05-31,202,Debit Card,"1361 Sarah Ford, Denisetown, CT 35481",2025-06-10,2
90,5090,3,2025-07-22,131,Cash On Delivery,"52466 Rachel Plaza, South Ashley, KS 06345",2025-08-21,1
91,5091,4,2025-05-28,144,Credit Card,"1361 Sarah Ford, Denisetown, CT 35481",2025-06-17,1
92,5092,4,2025-06-25,378,Debit Card,"1361 Sarah Ford, Denisetown, CT 35481",2025-07-10,1
93,5093,2,2025-08-10,464,Cash On Delivery,"97471 Brown Park Suite 053, New Kevin, AR 85256",2025-08-30,2
94,5094,2,2025-06-21,279,Cash On Delivery,"97471 Brown Park Suite 053, New Kevin, AR 85256",2025-07-11,2
95,5095,4,2025-07-02,409,Credit Card,"1361 Sarah Ford, Denisetown, CT 35481",2025-07-12,2
96,5096,2,2025-06-21,180,Credit Card,"97471 Brown Park Suite 053, New Kevin, AR 85256",2025-07-06,2
97,5097,1,2025-07-27,318,Debit Card,"90171 Alexandra Mills, Port Jillianside, AL 21228",2025-08-06,1
98,5098,4,2025-05-23,121,Cash On Delivery,"1361 Sarah Ford, Denisetown, CT 35481",2025-06-02,2
99,5099,2,2025-06-26,147,PayPal,"97471 Brown Park Suite 053, New Kevin, AR 85256",2025-07-16,1
100,5100,1,2025-08-08,234,Credit Card,"90171 Alexandra Mills, Port Jillianside, AL 21228",2025-08-23,1
101,5101,2,2025-07-12,110,Debit Card,"97471 Brown Park Suite 053, New Kevin, AR 85256",2025-08-11,3
102,5102,2,2025-08-03,452,Debit Card,"97471 Brown Park Suite 053, New Kevin, AR 85256",2025-08-23,3
103,5103,3,2025-07-28,111,PayPal,"52466 Rachel Plaza, South Ashley, KS 06345",2025-08-17,3
104,5104,2,2025-05-27,270,Credit Card,"97471 Brown Park Suite 053, New Kevin, AR 85256",2025-06-26,3
105,5105,3,2025-06-02,464,Debit Card,"52466 Rachel Plaza, South Ashley, KS 06345",2025-06-22,1
106,5106,2,2025-07-12,374,PayPal,"97471 Brown Park Suite 053, New Kevin, AR 85256",2025-07-27,2
107,5107,4,2025-07-27,107,Credit Card,"1361 Sarah Ford, Denisetown, CT 35481",2025-08-16,3
108,5108,2,2025-05-31,300,PayPal,"97471 Brown Park Suite 053, New Kevin, AR 85256",2025-06-30,1
109,5109,4,2025-06-19,201,PayPal,"1361 Sarah Ford, Denisetown, CT 35481",2025-07-19,2
110,5110,3,2025-06-15,479,Credit Card,"52466 Rachel Plaza, South Ashley, KS 06345",2025-07-05,1
111,5111,4,2025-06-15,439,Cash On Delivery,"1361 Sarah Ford, Denisetown, CT 35481",2025-06-30,3
112,5112,3,2025-07-26,131,Cash On Delivery,"52466 Rachel Plaza, South Ashley, KS 06345",2025-08-25,2
113,5113,2,2025-06-30,421,Cash On Delivery,"97471 Brown Park Suite 053, New Kevin, AR 85256",2025-07-10,2
114,5114,3,2025-05-26,451,Credit Card,"52466 Rachel Plaza, South Ashley, KS 06345",2025-06-15,2
115,5115,2,2025-07-14,493,Credit Card,"97471 Brown Park Suite 053, New Kevin, AR 85256",2025-07-29,2
116,5116,3,2025-08-17,323,Credit Card,"52466 Rachel Plaza, South Ashley, KS 06345",2025-09-06,3
117,5117,1,2025-07-23,488,PayPal,"90171 Alexandra Mills, Port Jillianside, AL 21228",2025-08-22,3
118,5118,3,2025-07-18,424,Debit Card,"52466 Rachel Plaza, South Ashley, KS 06345",2025-08-02,1
119,5119,1,2025-08-16,396,Debit Card,"90171 Alexandra Mills, Port Jillianside, AL 21228",2025-08-31,2
120,5120,1,2025-07-31,174,Debit Card,"90171 Alexandra Mills, Port Jillianside, AL 21228",2025-08-20,3
121,5121,3,2025-06-17,490,Credit Card,"52466 Rachel Plaza, South Ashley, KS 06345",2025-06-27,2
122,5122,4,2025-07-07,138,PayPal,"1361 Sarah Ford, Denisetown, CT 35481",2025-07-22,1
123,5123,3,2025-06-15,263,Credit Card,"52466 Rachel Plaza, South Ashley, KS 06345",2025-06-30,2
124,5124,2,2025-07-19,197,Cash On Delivery,"97471 Brown Park Suite 053, New Kevin, AR 85256",2025-07-29,3
125,5125,2,2025-07-01,133,PayPal,"97471 Brown Park Suite 053, New Kevin, AR 85256",2025-07-21,3
126,5126,4,2025-06-07,298,Cash On Delivery,"1361 Sarah Ford, Denisetown, CT 35481",2025-06-22,3
127,5127,2,2025-07-24,493,PayPal,"97471 Brown Park Suite 053, New Kevin, AR 85256",2025-08-08,1
128,5128,3,2025-08-15,388,Cash On Delivery,"52466 Rachel Plaza, South Ashley, KS 06345",2025-09-04,3
129,5129,3,2025-08-05,420,PayPal,"52466 Rachel Plaza, South Ashley, KS 06345",2025-08-25,2
130,5130,1,2025-07-01,475,Credit Card,"90171 Alexandra Mills, Port Jillianside, AL 21228",2025-07-21,3
131,5131,4,2025-07-10,376,Debit Card,"1361 Sarah Ford, Denisetown, CT 35481",2025-08-09,2
132,5132,3,2025-06-10,154,Debit Card,"52466 Rachel Plaza, South Ashley, KS 06345",2025-06-30,2
133,5133,4,2025-08-09,157,PayPal,"1361 Sarah Ford, Denisetown, CT 35481",2025-08-19,3
134,5134,4,2025-08-03,212,PayPal,"1361 Sarah Ford, Denisetown, CT 35481",2025-08-18,2
135,5135,1,2025-05-24,174,Debit Card,"90171 Alexandra Mills, Port Jillianside, AL 21228",2025-06-13,1
136,5136,2,2025-07-19,167,Cash On Delivery,"97471 Brown Park Suite 053, New Kevin, AR 85256",2025-07-29,2
137,5137,1,2025-08-09,426,Credit Card,"90171 Alexandra Mills, Port Jillianside, AL 21228",2025-08-19,1
138,5138,2,2025-07-30,163,Credit Card,"97471 Brown Park Suite 053, New Kevin, AR 85256",2025-08-29,1
139,5139,3,2025-07-03,201,Cash On Delivery,"52466 Rachel Plaza, South Ashley, KS 06345",2025-08-02,3
140,5140,4,2025-07-17,356,Cash On Delivery,"1361 Sarah Ford, Denisetown, CT 35481",2025-07-27,1
141,5141,2,2025-07-21,120,Cash On Delivery,"97471 Brown Park Suite 053, New Kevin, AR 85256",2025-08-05,1
142,5142,3,2025-05-28,377,Credit Card,"52466 Rachel Plaza, South Ashley, KS 06345",2025-06-17,3
143,5143,3,2025-06-16,467,Debit Card,"52466 Rachel Plaza, South Ashley, KS 06345",2025-07-16,2
144,5144,1,2025-07-18,191,Credit Card,"90171 Alexandra Mills, Port Jillianside, AL 21228",2025-08-02,1
145,5145,1,2025-06-16,414,PayPal,"90171 Alexandra Mills, Port Jillianside, AL 21228",2025-07-16,2
146,5146,2,2025-07-02,235,Debit Card,"97471 Brown Park Suite 053, New Kevin, AR 85256",2025-07-12,2
147,5147,1,2025-07-26,151,Credit Card,"90171 Alexandra Mills, Port Jillianside, AL 21228",2025-08-15,3
148,5148,1,2025-08-11,147,PayPal,"90171 Alexandra Mills, Port Jillianside, AL 21228",2025-08-31,1
149,5149,1,2025-08-10,148,Cash On Delivery,"90171 Alexandra Mills, Port Jillianside, AL 21228",2025-08-20,2
150,5150,3,2025-06-30,394,Cash On Delivery,"52466 Rachel Plaza, South Ashley, KS 06345",2025-07-20,2
151,5151,4,2025-07-14,325,PayPal,"1361 Sarah Ford, Denisetown, CT 35481",2025-08-03,1
152,5152,2,2025-08-09,268,PayPal,"97471 Brown Park Suite 053, New Kevin, AR 85256",2025-08-24,3
153,5153,4,2025-06-09,104,Credit Card,"1361 Sarah Ford, Denisetown, CT 35481",2025-06-29,3
154,5154,2,2025-05-20,359,Credit Card,"97471 Brown Park Suite 053, New Kevin, AR 85256",2025-05-30,1
155,5155,3,2025-08-05,472,Credit Card,"52466 Rachel Plaza, South Ashley, KS 06345",2025-08-20,2
156,5156,2,2025-06-16,257,Cash On Delivery,"97471 Brown Park Suite 053, New Kevin, AR 85256",2025-07-01,1
157,5157,2,2025-08-07,225,Cash On Delivery,"97471 Brown Park Suite 053, New Kevin, AR 85256",2025-08-22,3
158,5158,3,2025-07-25,192,PayPal,"52466 Rachel Plaza, South Ashley, KS 06345",2025-08-14,3
159,5159,2,2025-06-06,467,Debit Card,"97471 Brown Park Suite 053, New Kevin, AR 85256",2025-07-06,1
160,5160,4,2025-06-23,289,Debit Card,"1361 Sarah Ford, Denisetown, CT 35481",2025-07-23,3
161,5161,1,2025-05-25,159,Debit Card,"90171 Alexandra Mills, Port Jillianside, AL 21228",2025-06-14,1
162,5162,1,2025-05-25,176,Credit Card,"90171 Alexandra Mills, Port Jillianside, AL 21228",2025-06-14,1
163,5163,4,2025-06-05,419,Cash On Delivery,"1361 Sarah Ford, Denisetown, CT 35481",2025-06-15,2
164,5164,3,2025-06-14,154,Cash On Delivery,"52466 Rachel Plaza, South Ashley, KS 06345",2025-07-04,3
165,5165,3,2025-08-15,447,Cash On Delivery,"52466 Rachel Plaza, South Ashley, KS 06345",2025-08-25,3
166,5166,3,2025-06-06,159,Credit Card,"52466 Rachel Plaza, South Ashley, KS 06345",2025-06-26,2
167,5167,4,2025-08-13,186,Credit Card,"1361 Sarah Ford, Denisetown, CT 35481",2025-08-23,1
168,5168,2,2025-05-29,495,Credit Card,"97471 Brown Park Suite 053, New Kevin, AR 85256",2025-06-18,3
169,5169,4,2025-06-05,282,Cash On Delivery,"1361 Sarah Ford, Denisetown, CT 35481",2025-07-05,3
170,5170,1,2025-08-13,244,Credit Card,"90171 Alexandra Mills, Port Jillianside, AL 21228",2025-09-12,1
171,5171,2,2025-07-20,467,Debit Card,"97471 Brown Park Suite 053, New Kevin, AR 85256",2025-08-19,1
172,5172,2,2025-07-28,462,Credit Card,"97471 Brown Park Suite 053, New Kevin, AR 85256",2025-08-07,3
173,5173,1,2025-07-07,265,Credit Card,"90171 Alexandra Mills, Port Jillianside, AL 21228",2025-07-27,3
174,5174,3,2025-06-01,337,Debit Card,"52466 Rachel Plaza, South Ashley, KS 06345",2025-06-16,3
175,5175,3,2025-07-28,205,Cash On Delivery,"52466 Rachel Plaza, South Ashley, KS 06345",2025-08-17,1
176,5176,2,2025-05-27,282,Credit Card,"97471 Brown Park Suite 053, New Kevin, AR 85256",2025-06-26,3
177,5177,3,2025-07-22,398,Credit Card,"52466 Rachel Plaza, South Ashley, KS 06345",2025-08-06,2
178,5178,4,2025-05-28,139,Cash On Delivery,"1361 Sarah Ford, Denisetown, CT 35481",2025-06-17,2
179,5179,2,2025-06-11,307,PayPal,"97471 Brown Park Suite 053, New Kevin, AR 85256",2025-07-11,1
180,5180,3,2025-07-22,231,PayPal,"52466 Rachel Plaza, South Ashley, KS 06345",2025-08-06,2
181,5181,2,2025-07-29,198,Credit Card,"97471 Brown Park Suite 053, New Kevin, AR 85256",2025-08-28,1
182,5182,1,2025-05-24,277,Debit Card,"90171 Alexandra Mills, Port Jillianside, AL 21228",2025-06-03,1
183,5183,2,2025-05-24,248,PayPal,"97471 Brown Park Suite 053, New Kevin, AR 85256",2025-06-03,3
184,5184,2,2025-08-05,121,Cash On Delivery,"97471 Brown Park Suite 053, New Kevin, AR 85256",2025-08-15,2
185,5185,2,2025-05-20,257,Cash On Delivery,"97471 Brown Park Suite 053, New Kevin, AR 85256",2025-06-04,2
186,5186,3,2025-07-05,303,Debit Card,"52466 Rachel Plaza, South Ashley, KS 06345",2025-08-04,2
187,5187,4,2025-06-15,464,Cash On Delivery,"1361 Sarah Ford, Denisetown, CT 35481",2025-07-05,1
188,5188,4,2025-07-06,316,Debit Card,"1361 Sarah Ford, Denisetown, CT 35481",2025-07-21,2
189,5189,2,2025-05-28,415,Cash On Delivery,"97471 Brown Park Suite 053, New Kevin, AR 85256",2025-06-12,2
190,5190,3,2025-05-20,461,Credit Card,"52466 Rachel Plaza, South Ashley, KS 06345",2025-06-19,1
191,5191,1,2025-06-24,397,Credit Card,"90171 Alexandra Mills, Port Jillianside, AL 21228",2025-07-14,3
192,5192,1,2025-06-12,465,Debit Card,"90171 Alexandra Mills, Port Jillianside, AL 21228",2025-07-12,1
193,5193,4,2025-05-22,492,PayPal,"1361 Sarah Ford, Denisetown, CT 35481",2025-06-21,3
194,5194,3,2025-06-04,483,PayPal,"52466 Rachel Plaza, South Ashley, KS 06345",2025-07-04,3
195,5195,2,2025-05-22,151,Debit Card,"97471 Brown Park Suite 053, New Kevin, AR 85256",2025-06-11,1
196,5196,4,2025-07-30,234,Debit Card,"1361 Sarah Ford, Denisetown, CT 35481",2025-08-14,2
197,5197,3,2025-06-18,135,PayPal,"52466 Rachel Plaza, South Ashley, KS 06345",2025-07-03,2
198,5198,2,2025-07-25,222,PayPal,"97471 Brown Park Suite 053, New Kevin, AR 85256",2025-08-14,1
199,5199,2,2025-08-12,376,Cash On Delivery,"97471 Brown Park Suite 053, New Kevin, AR 85256",2025-09-11,2
200,5200,2,2025-06-27,248,Cash On Delivery,"97471 Brown Park Suite 053, New Kevin, AR 85256",2025-07-07,2
201,5201,3,2025-07-07,398,Debit Card,"52466 Rachel Plaza, South Ashley, KS 06345",2025-07-22,2
202,5202,1,2025-08-06,452,Debit Card,"90171 Alexandra Mills, Port Jillianside, AL 21228",2025-08-26,3
203,5203,1,2025-08-10,178,PayPal,"90171 Alexandra Mills, Port Jillianside, AL 21228",2025-08-20,1
204,5204,2,2025-07-24,238,PayPal,"97471 Brown Park Suite 053, New Kevin, AR 85256",2025-08-08,2
205,5205,3,2025-06-05,427,Cash On Delivery,"52466 Rachel Plaza, South Ashley, KS 06345",2025-06-15,3
206,5206,3,2025-08-17,219,PayPal,"52466 Rachel Plaza, South Ashley, KS 06345",2025-08-27,3
207,5207,3,2025-06-09,373,Credit Card,"52466 Rachel Plaza, South Ashley, KS 06345",2025-06-29,1
208,5208,4,2025-06-13,183,Credit Card,"1361 Sarah Ford, Denisetown, CT 35481",2025-06-28,2
209,5209,3,2025-06-17,375,PayPal,"52466 Rachel Plaza, South Ashley, KS 06345",2025-07-02,2
210,5210,1,2025-06-08,434,Credit Card,"90171 Alexandra Mills, Port Jillianside, AL 21228",2025-06-18,1
211,5211,3,2025-08-04,465,PayPal,"52466 Rachel Plaza, South Ashley, KS 06345",2025-09-03,2
212,5212,1,2025-06-13,228,Credit Card,"90171 Alexandra Mills, Port Jillianside, AL 21228",2025-06-28,1
213,5213,2,2025-06-15,472,Credit Card,"97471 Brown Park Suite 053, New Kevin, AR 85256",2025-06-30,2
214,5214,2,2025-07-02,366,Debit Card,"97471 Brown Park Suite 053, New Kevin, AR 85256",2025-08-01,2
215,5215,1,2025-06-08,363,Cash On Delivery,"90171 Alexandra Mills, Port Jillianside, AL 21228",2025-06-23,3
216,5216,1,2025-08-10,404,Credit Card,"90171 Alexandra Mills, Port Jillianside, AL 21228",2025-08-25,2
217,5217,4,2025-06-22,187,Debit Card,"1361 Sarah Ford, Denisetown, CT 35481",2025-07-12,1
218,5218,4,2025-06-02,374,Debit Card,"1361 Sarah Ford, Denisetown, CT 35481",2025-06-17,1
219,5219,1,2025-07-03,366,Cash On Delivery,"90171 Alexandra Mills, Port Jillianside, AL 21228",2025-08-02,3
220,5220,3,2025-08-03,306,PayPal,"52466 Rachel Plaza, South Ashley, KS 06345",2025-08-13,2
221,5221,1,2025-06-03,192,Credit Card,"90171 Alexandra Mills, Port Jillianside, AL 21228",2025-06-23,1
222,5222,2,2025-07-16,306,PayPal,"97471 Brown Park Suite 053, New Kevin, AR 85256",2025-07-26,3
223,5223,4,2025-06-28,113,Debit Card,"1361 Sarah Ford, Denisetown, CT 35481",2025-07-13,1
224,5224,2,2025-06-18,323,Credit Card,"97471 Brown Park Suite 053, New Kevin, AR 85256",2025-07-08,2
225,5225,1,2025-07-04,431,Debit Card,"90171 Alexandra Mills, Port Jillianside, AL 21228",2025-07-19,1
226,5226,1,2025-07-18,207,Credit Card,"90171 Alexandra Mills, Port Jillianside, AL 21228",2025-08-02,3
227,5227,4,2025-07-22,383,PayPal,"1361 Sarah Ford, Denisetown, CT 35481",2025-08-01,2
228,5228,2,2025-06-21,257,PayPal,"97471 Brown Park Suite 053, New Kevin, AR 85256",2025-07-06,1
229,5229,4,2025-07-02,306,Cash On Delivery,"1361 Sarah Ford, Denisetown, CT 35481",2025-07-12,3
230,5230,1,2025-05-26,263,Debit Card,"90171 Alexandra Mills, Port Jillianside, AL 21228",2025-06-10,3
231,5231,1,2025-06-30,343,Cash On Delivery,"90171 Alexandra Mills, Port Jillianside, AL 21228",2025-07-20,2
232,5232,2,2025-06-12,219,Cash On Delivery,"97471 Brown Park Suite 053, New Kevin, AR 85256",2025-06-22,3
233,5233,3,2025-08-17,131,Credit Card,"52466 Rachel Plaza, South Ashley, KS 06345",2025-09-16,3
234,5234,1,2025-06-16,265,Debit Card,"90171 Alexandra Mills, Port Jillianside, AL 21228",2025-07-06,2
235,5235,2,2025-06-04,222,Debit Card,"97471 Brown Park Suite 053, New Kevin, AR 85256",2025-06-24,3
236,5236,4,2025-06-10,244,Cash On Delivery,"1361 Sarah Ford, Denisetown, CT 35481",2025-07-10,3
237,5237,3,2025-05-20,438,PayPal,"52466 Rachel Plaza, South Ashley, KS 06345",2025-06-04,2
238,5238,1,2025-07-03,284,Credit Card,"90171 Alexandra Mills, Port Jillianside, AL 21228",2025-07-13,1
239,5239,3,2025-06-28,307,Credit Card,"52466 Rachel Plaza, South Ashley, KS 06345",2025-07-28,2
240,5240,3,2025-07-20,268,Debit Card,"52466 Rachel Plaza, South Ashley, KS 06345",2025-08-04,2
241,5241,4,2025-07-16,361,Credit Card,"1361 Sarah Ford, Denisetown, CT 35481",2025-08-15,3
242,5242,3,2025-06-17,447,Debit Card,"52466 Rachel Plaza, South Ashley, KS 06345",2025-06-27,1
243,5243,1,2025-07-20,322,Cash On Delivery,"90171 Alexandra Mills, Port Jillianside, AL 21228",2025-08-04,1
244,5244,1,2025-08-17,161,Cash On Delivery,"90171 Alexandra Mills, Port Jillianside, AL 21228",2025-08-27,2
245,5245,3,2025-06-17,296,Debit Card,"52466 Rachel Plaza, South Ashley, KS 06345",2025-06-27,2
246,5246,4,2025-06-03,100,PayPal,"1361 Sarah Ford, Denisetown, CT 35481",2025-06-13,1
247,5247,2,2025-06-11,425,Credit Card,"97471 Brown Park Suite 053, New Kevin, AR 85256",2025-06-26,3
248,5248,2,2025-07-14,276,PayPal,"97471 Brown Park Suite 053, New Kevin, AR 85256",2025-07-24,1
249,5249,4,2025-06-23,454,Debit Card,"1361 Sarah Ford, Denisetown, CT 35481",2025-07-08,3
250,5250,3,2025-07-17,355,Cash On Delivery,"52466 Rachel Plaza, South Ashley, KS 06345",2025-08-01,1
251,5251,3,2025-08-13,449,Credit Card,"52466 Rachel Plaza, South Ashley, KS 06345",2025-08-28,1
252,5252,1,2025-07-10,101,Cash On Delivery,"90171 Alexandra Mills, Port Jillianside, AL 21228",2025-07-25,3
253,5253,4,2025-06-05,215,PayPal,"1361 Sarah Ford, Denisetown, CT 35481",2025-07-05,2
254,5254,4,2025-08-08,459,Cash On Delivery,"1361 Sarah Ford, Denisetown, CT 35481",2025-09-07,1
255,5255,2,2025-08-07,380,Cash On Delivery,"97471 Brown Park Suite 053, New Kevin, AR 85256",2025-09-06,1
256,5256,1,2025-06-19,248,Cash On Delivery,"90171 Alexandra Mills, Port Jillianside, AL 21228",2025-06-29,2
257,5257,2,2025-05-31,121,Cash On Delivery,"97471 Brown Park Suite 053, New Kevin, AR 85256",2025-06-10,2
258,5258,2,2025-07-26,272,Credit Card,"97471 Brown Park Suite 053, New Kevin, AR 85256",2025-08-10,2
259,5259,4,2025-08-01,232,Credit Card,"1361 Sarah Ford, Denisetown, CT 35481",2025-08-11,2
260,5260,2,2025-07-22,346,PayPal,"97471 Brown Park Suite 053, New Kevin, AR 85256",2025-08-01,2
261,5261,2,2025-06-28,469,Credit Card,"97471 Brown Park Suite 053, New Kevin, AR 85256",2025-07-28,2
262,5262,3,2025-07-25,238,Debit Card,"52466 Rachel Plaza, South Ashley, KS 06345",2025-08-09,1
263,5263,1,2025-07-20,119,PayPal,"90171 Alexandra Mills, Port Jillianside, AL 21228",2025-08-04,3
264,5264,3,2025-07-27,255,Cash On Delivery,"52466 Rachel Plaza, South Ashley, KS 06345",2025-08-16,3
265,5265,4,2025-06-16,284,PayPal,"1361 Sarah Ford, Denisetown, CT 35481",2025-06-26,1
266,5266,1,2025-08-04,116,Debit Card,"90171 Alexandra Mills, Port Jillianside, AL 21228",2025-08-14,3
267,5267,4,2025-08-09,198,Cash On Delivery,"1361 Sarah Ford, Denisetown, CT 35481",2025-09-08,2
268,5268,4,2025-07-08,392,PayPal,"1361 Sarah Ford, Denisetown, CT 35481",2025-07-23,3
269,5269,2,2025-06-30,371,PayPal,"97471 Brown Park Suite 053, New Kevin, AR 85256",2025-07-20,3
270,5270,2,2025-07-07,225,Debit Card,"97471 Brown Park Suite 053, New Kevin, AR 85256",2025-07-22,2
271,5271,2,2025-07-18,196,Credit Card,"97471 Brown Park Suite 053, New Kevin, AR 85256",2025-08-17,3
272,5272,4,2025-06-26,436,PayPal,"1361 Sarah Ford, Denisetown, CT 35481",2025-07-06,2
273,5273,3,2025-07-16,250,PayPal,"52466 Rachel Plaza, South Ashley, KS 06345",2025-08-05,2
274,5274,4,2025-07-21,497,Cash On Delivery,"1361 Sarah Ford, Denisetown, CT 35481",2025-08-20,2
275,5275,2,2025-05-24,412,PayPal,"97471 Brown Park Suite 053, New Kevin, AR 85256",2025-06-03,2
276,5276,4,2025-07-07,246,Credit Card,"1361 Sarah Ford, Denisetown, CT 35481",2025-07-17,3
277,5277,3,2025-07-02,499,PayPal,"52466 Rachel Plaza, South Ashley, KS 06345",2025-08-01,1
278,5278,4,2025-06-14,321,PayPal,"1361 Sarah Ford, Denisetown, CT 35481",2025-06-29,2
279,5279,1,2025-06-23,129,PayPal,"90171 Alexandra Mills, Port Jillianside, AL 21228",2025-07-23,1
280,5280,4,2025-07-18,482,Debit Card,"1361 Sarah Ford, Denisetown, CT 35481",2025-08-02,1
281,5281,4,2025-07-14,149,Cash On Delivery,"1361 Sarah Ford, Denisetown, CT 35481",2025-08-03,2
282,5282,4,2025-07-15,485,Cash On Delivery,"1361 Sarah Ford, Denisetown, CT 35481",2025-08-14,3
283,5283,2,2025-07-05,388,Debit Card,"97471 Brown Park Suite 053, New Kevin, AR 85256",2025-07-25,2
284,5284,3,2025-05-28,446,Debit Card,"52466 Rachel Plaza, South Ashley, KS 06345",2025-06-17,1
285,5285,1,2025-06-20,379,PayPal,"90171 Alexandra Mills, Port Jillianside, AL 21228",2025-07-05,2
286,5286,3,2025-06-06,315,Debit Card,"52466 Rachel Plaza, South Ashley, KS 06345",2025-06-16,1
287,5287,1,2025-05-23,138,PayPal,"90171 Alexandra Mills, Port Jillianside, AL 21228",2025-06-07,1
288,5288,3,2025-07-02,233,Cash On Delivery,"52466 Rachel Plaza, South Ashley, KS 06345",2025-07-22,2
289,5289,4,2025-06-18,204,Cash On Delivery,"1361 Sarah Ford, Denisetown, CT 35481",2025-07-08,2
290,5290,3,2025-05-23,364,Debit Card,"52466 Rachel Plaza, South Ashley, KS 06345",2025-06-12,1
291,5291,4,2025-07-29,257,Credit Card,"1361 Sarah Ford, Denisetown, CT 35481",2025-08-13,1
292,5292,2,2025-06-23,386,PayPal,"97471 Brown Park Suite 053, New Kevin, AR 85256",2025-07-03,2
293,5293,1,2025-06-04,184,Debit Card,"90171 Alexandra Mills, Port Jillianside, AL 21228",2025-06-19,3
294,5294,3,2025-06-10,187,PayPal,"52466 Rachel Plaza, South Ashley, KS 06345",2025-06-30,1
295,5295,3,2025-07-25,239,Credit Card,"52466 Rachel Plaza, South Ashley, KS 06345",2025-08-09,2
296,5296,4,2025-06-17,445,Credit Card,"1361 Sarah Ford, Denisetown, CT 35481",2025-07-02,3
297,5297,2,2025-08-15,389,PayPal,"97471 Brown Park Suite 053, New Kevin, AR 85256",2025-09-14,1
298,5298,1,2025-06-17,418,Debit Card,"90171 Alexandra Mills, Port Jillianside, AL 21228",2025-07-07,2
299,5299,2,2025-06-25,194,Cash On Delivery,"97471 Brown Park Suite 053, New Kevin, AR 85256",2025-07-25,2
300,5300,3,2025-05-26,204,PayPal,"52466 Rachel Plaza, South Ashley, KS 06345",2025-06-15,1
301,5301,1,2025-07-24,456,PayPal,"90171 Alexandra Mills, Port Jillianside, AL 21228",2025-08-13,1
302,5302,1,2025-06-11,422,Debit Card,"90171 Alexandra Mills, Port Jillianside, AL 21228",2025-07-11,3
303,5303,2,2025-05-24,331,Credit Card,"97471 Brown Park Suite 053, New Kevin, AR 85256",2025-06-03,3
304,5304,2,2025-08-13,477,PayPal,"97471 Brown Park Suite 053, New Kevin, AR 85256",2025-08-23,1
305,5305,1,2025-07-03,247,Debit Card,"90171 Alexandra Mills, Port Jillianside, AL 21228",2025-07-23,1
306,5306,1,2025-08-05,139,Debit Card,"90171 Alexandra Mills, Port Jillianside, AL 21228",2025-08-25,2
307,5307,1,2025-06-12,411,Debit Card,"90171 Alexandra Mills, Port Jillianside, AL 21228",2025-06-27,1
308,5308,4,2025-08-09,154,PayPal,"1361 Sarah Ford, Denisetown, CT 35481",2025-08-29,2
309,5309,2,2025-06-05,471,Debit Card,"97471 Brown Park Suite 053, New Kevin, AR 85256",2025-06-15,3
310,5310,3,2025-05-26,281,Cash On Delivery,"52466 Rachel Plaza, South Ashley, KS 06345",2025-06-15,2
311,5311,4,2025-07-05,451,Credit Card,"1361 Sarah Ford, Denisetown, CT 35481",2025-07-25,2
312,5312,2,2025-07-12,382,Credit Card,"97471 Brown Park Suite 053, New Kevin, AR 85256",2025-07-27,3
313,5313,2,2025-08-12,195,PayPal,"97471 Brown Park Suite 053, New Kevin, AR 85256",2025-09-01,3
314,5314,3,2025-08-06,286,Cash On Delivery,"52466 Rachel Plaza, South Ashley, KS 06345",2025-08-26,2
315,5315,2,2025-07-27,475,Cash On Delivery,"97471 Brown Park Suite 053, New Kevin, AR 85256",2025-08-16,2
316,5316,4,2025-07-14,211,Credit Card,"1361 Sarah Ford, Denisetown, CT 35481",2025-08-13,3
317,5317,2,2025-06-19,328,Debit Card,"97471 Brown Park Suite 053, New Kevin, AR 85256",2025-07-19,2
318,5318,3,2025-08-04,476,Debit Card,"52466 Rachel Plaza, South Ashley, KS 06345",2025-08-14,3
319,5319,1,2025-08-15,293,PayPal,"90171 Alexandra Mills, Port Jillianside, AL 21228",2025-08-25,3
320,5320,4,2025-06-03,316,PayPal,"1361 Sarah Ford, Denisetown, CT 35481",2025-06-18,2
321,5321,3,2025-06-17,426,Debit Card,"52466 Rachel Plaza, South Ashley, KS 06345",2025-06-27,3
322,5322,3,2025-06-29,240,Credit Card,"52466 Rachel Plaza, South Ashley, KS 06345",2025-07-19,2
323,5323,1,2025-06-28,290,Debit Card,"90171 Alexandra Mills, Port Jillianside, AL 21228",2025-07-18,1
324,5324,4,2025-06-15,324,Debit Card,"1361 Sarah Ford, Denisetown, CT 35481",2025-06-25,2
325,5325,3,2025-06-29,359,PayPal,"52466 Rachel Plaza, South Ashley, KS 06345",2025-07-09,3
326,5326,4,2025-05-20,343,Debit Card,"1361 Sarah Ford, Denisetown, CT 35481",2025-06-09,3
327,5327,3,2025-08-06,194,Debit Card,"52466 Rachel Plaza, South Ashley, KS 06345",2025-09-05,1
328,5328,2,2025-07-14,312,Credit Card,"97471 Brown Park Suite 053, New Kevin, AR 85256",2025-08-13,3
329,5329,3,2025-05-23,210,PayPal,"52466 Rachel Plaza, South Ashley, KS 06345",2025-06-22,2
330,5330,1,2025-06-06,348,PayPal,"90171 Alexandra Mills, Port Jillianside, AL 21228",2025-07-06,3
331,5331,1,2025-07-28,454,PayPal,"90171 Alexandra Mills, Port Jillianside, AL 21228",2025-08-12,2
332,5332,1,2025-07-06,380,Cash On Delivery,"90171 Alexandra Mills, Port Jillianside, AL 21228",2025-08-05,2
333,5333,3,2025-05-21,490,PayPal,"52466 Rachel Plaza, South Ashley, KS 06345",2025-05-31,3
334,5334,3,2025-06-06,172,Credit Card,"52466 Rachel Plaza, South Ashley, KS 06345",2025-06-21,1
335,5335,4,2025-08-14,176,PayPal,"1361 Sarah Ford, Denisetown, CT 35481",2025-09-03,2
336,5336,3,2025-06-25,129,Credit Card,"52466 Rachel Plaza, South Ashley, KS 06345",2025-07-25,1
337,5337,2,2025-07-23,187,Cash On Delivery,"97471 Brown Park Suite 053, New Kevin, AR 85256",2025-08-12,3
338,5338,1,2025-07-16,452,Debit Card,"90171 Alexandra Mills, Port Jillianside, AL 21228",2025-08-05,2
339,5339,3,2025-06-28,183,Credit Card,"52466 Rachel Plaza, South Ashley, KS 06345",2025-07-13,1
340,5340,3,2025-07-16,310,Credit Card,"52466 Rachel Plaza, South Ashley, KS 06345",2025-08-05,3
341,5341,2,2025-05-25,214,Credit Card,"97471 Brown Park Suite 053, New Kevin, AR 85256",2025-06-14,2
342,5342,1,2025-08-03,281,Debit Card,"90171 Alexandra Mills, Port Jillianside, AL 21228",2025-08-23,2
343,5343,3,2025-05-26,203,Debit Card,"52466 Rachel Plaza, South Ashley, KS 06345",2025-06-15,2
344,5344,3,2025-05-22,153,Debit Card,"52466 Rachel Plaza, South Ashley, KS 06345",2025-06-06,3
345,5345,1,2025-07-15,355,PayPal,"90171 Alexandra Mills, Port Jillianside, AL 21228",2025-07-30,3
346,5346,4,2025-05-22,307,PayPal,"1361 Sarah Ford, Denisetown, CT 35481",2025-06-21,3
347,5347,4,2025-05-26,256,Cash On Delivery,"1361 Sarah Ford, Denisetown, CT 35481",2025-06-10,3
348,5348,2,2025-06-15,220,Debit Card,"97471 Brown Park Suite 053, New Kevin, AR 85256",2025-06-30,3
349,5349,1,2025-07-24,303,Cash On Delivery,"90171 Alexandra Mills, Port Jillianside, AL 21228",2025-08-23,2
350,5350,1,2025-06-01,240,Credit Card,"90171 Alexandra Mills, Port Jillianside, AL 21228",2025-06-21,2
351,5351,4,2025-07-23,164,Debit Card,"1361 Sarah Ford, Denisetown, CT 35481",2025-08-22,1
352,5352,3,2025-07-06,434,PayPal,"52466 Rachel Plaza, South Ashley, KS 06345",2025-07-16,3
353,5353,4,2025-05-27,368,Debit Card,"1361 Sarah Ford, Denisetown, CT 35481",2025-06-26,3
354,5354,3,2025-08-17,151,Cash On Delivery,"52466 Rachel Plaza, South Ashley, KS 06345",2025-09-06,1
355,5355,1,2025-06-10,283,Cash On Delivery,"90171 Alexandra Mills, Port Jillianside, AL 21228",2025-06-30,2
356,5356,3,2025-07-31,242,Credit Card,"52466 Rachel Plaza, South Ashley, KS 06345",2025-08-30,3
357,5357,1,2025-05-21,264,PayPal,"90171 Alexandra Mills, Port Jillianside, AL 21228",2025-06-10,2
358,5358,2,2025-07-09,406,PayPal,"97471 Brown Park Suite 053, New Kevin, AR 85256",2025-07-29,3
359,5359,1,2025-06-14,382,Debit Card,"90171 Alexandra Mills, Port Jillianside, AL 21228",2025-06-29,2
360,5360,2,2025-07-03,200,PayPal,"97471 Brown Park Suite 053, New Kevin, AR 85256",2025-08-02,2
361,5361,2,2025-05-25,239,Cash On Delivery,"97471 Brown Park Suite 053, New Kevin, AR 85256",2025-06-09,1
362,5362,1,2025-06-20,428,Cash On Delivery,"90171 Alexandra Mills, Port Jillianside, AL 21228",2025-06-30,3
363,5363,3,2025-08-12,323,Debit Card,"52466 Rachel Plaza, South Ashley, KS 06345",2025-09-01,2
364,5364,2,2025-05-28,362,Credit Card,"97471 Brown Park Suite 053, New Kevin, AR 85256",2025-06-17,2
365,5365,3,2025-06-15,210,Cash On Delivery,"52466 Rachel Plaza, South Ashley, KS 06345",2025-07-15,3
366,5366,4,2025-06-09,400,Cash On Delivery,"1361 Sarah Ford, Denisetown, CT 35481",2025-07-09,2
367,5367,4,2025-07-02,410,Debit Card,"1361 Sarah Ford, Denisetown, CT 35481",2025-07-12,3
368,5368,2,2025-06-16,469,Credit Card,"97471 Brown Park Suite 053, New Kevin, AR 85256",2025-07-16,3
369,5369,4,2025-05-30,439,PayPal,"1361 Sarah Ford, Denisetown, CT 35481",2025-06-14,1
370,5370,4,2025-06-04,359,PayPal,"1361 Sarah Ford, Denisetown, CT 35481",2025-06-14,2
371,5371,2,2025-07-16,328,Credit Card,"97471 Brown Park Suite 053, New Kevin, AR 85256",2025-08-15,1
372,5372,2,2025-07-15,313,Cash On Delivery,"97471 Brown Park Suite 053, New Kevin, AR 85256",2025-08-14,2
373,5373,3,2025-05-26,431,Cash On Delivery,"52466 Rachel Plaza, South Ashley, KS 06345",2025-06-10,3
374,5374,3,2025-06-16,224,Cash On Delivery,"52466 Rachel Plaza, South Ashley, KS 06345",2025-07-16,1
375,5375,4,2025-08-12,421,PayPal,"1361 Sarah Ford, Denisetown, CT 35481",2025-08-22,1
376,5376,1,2025-07-20,188,Cash On Delivery,"90171 Alexandra Mills, Port Jillianside, AL 21228",2025-08-09,1
377,5377,4,2025-08-12,211,Cash On Delivery,"1361 Sarah Ford, Denisetown, CT 35481",2025-09-11,3
378,5378,3,2025-06-23,455,Credit Card,"52466 Rachel Plaza, South Ashley, KS 06345",2025-07-03,2
379,5379,1,2025-06-05,185,PayPal,"90171 Alexandra Mills, Port Jillianside, AL 21228",2025-06-15,1
380,5380,4,2025-08-08,480,PayPal,"1361 Sarah Ford, Denisetown, CT 35481",2025-08-23,1
381,5381,2,2025-06-27,129,PayPal,"97471 Brown Park Suite 053, New Kevin, AR 85256",2025-07-27,1
382,5382,3,2025-07-02,436,Debit Card,"52466 Rachel Plaza, South Ashley, KS 06345",2025-07-12,2
383,5383,2,2025-06-08,469,PayPal,"97471 Brown Park Suite 053, New Kevin, AR 85256",2025-07-08,1
384,5384,2,2025-07-22,340,Credit Card,"97471 Brown Park Suite 053, New Kevin, AR 85256",2025-08-01,2
385,5385,1,2025-06-20,106,Cash On Delivery,"90171 Alexandra Mills, Port Jillianside, AL 21228",2025-07-05,2
386,5386,1,2025-07-23,145,PayPal,"90171 Alexandra Mills, Port Jillianside, AL 21228",2025-08-12,1
387,5387,1,2025-06-29,143,Cash On Delivery,"90171 Alexandra Mills, Port Jillianside, AL 21228",2025-07-19,2
388,5388,2,2025-07-10,270,Credit Card,"97471 Brown Park Suite 053, New Kevin, AR 85256",2025-08-09,3
389,5389,4,2025-06-04,338,PayPal,"1361 Sarah Ford, Denisetown, CT 35481",2025-07-04,3
390,5390,1,2025-07-01,309,PayPal,"90171 Alexandra Mills, Port Jillianside, AL 21228",2025-07-21,1
391,5391,1,2025-08-08,207,Credit Card,"90171 Alexandra Mills, Port Jillianside, AL 21228",2025-08-23,1
392,5392,3,2025-07-01,171,Cash On Delivery,"52466 Rachel Plaza, South Ashley, KS 06345",2025-07-31,1
393,5393,1,2025-07-30,135,Debit Card,"90171 Alexandra Mills, Port Jillianside, AL 21228",2025-08-14,3
394,5394,3,2025-06-26,427,Cash On Delivery,"52466 Rachel Plaza, South Ashley, KS 06345",2025-07-06,1
395,5395,2,2025-07-18,358,Credit Card,"97471 Brown Park Suite 053, New Kevin, AR 85256",2025-07-28,2
396,5396,3,2025-05-26,380,PayPal,"52466 Rachel Plaza, South Ashley, KS 06345",2025-06-25,3
397,5397,1,2025-08-03,338,Cash On Delivery,"90171 Alexandra Mills, Port Jillianside, AL 21228",2025-09-02,2
398,5398,3,2025-08-08,446,Debit Card,"52466 Rachel Plaza, South Ashley, KS 06345",2025-08-28,1
399,5399,2,2025-08-13,250,Debit Card,"97471 Brown Park Suite 053, New Kevin, AR 85256",2025-09-02,3
400,5400,2,2025-08-14,162,Credit Card,"97471 Brown Park Suite 053, New Kevin, AR 85256",2025-09-13,1
401,5401,1,2025-06-03,232,Credit Card,"90171 Alexandra Mills, Port Jillianside, AL 21228",2025-06-13,1
402,5402,1,2025-05-20,184,PayPal,"90171 Alexandra Mills, Port Jillianside, AL 21228",2025-06-04,3
403,5403,1,2025-06-20,166,Credit Card,"90171 Alexandra Mills, Port Jillianside, AL 21228",2025-07-10,2
404,5404,2,2025-05-31,395,PayPal,"97471 Brown Park Suite 053, New Kevin, AR 85256",2025-06-10,2
405,5405,3,2025-05-28,330,PayPal,"52466 Rachel Plaza, South Ashley, KS 06345",2025-06-17,3
406,5406,3,2025-07-25,113,Debit Card,"52466 Rachel Plaza, South Ashley, KS 06345",2025-08-09,1
407,5407,3,2025-07-26,372,PayPal,"52466 Rachel Plaza, South Ashley, KS 06345",2025-08-15,1
408,5408,3,2025-07-11,365,Cash On Delivery,"52466 Rachel Plaza, South Ashley, KS 06345",2025-07-26,1
409,5409,4,2025-07-21,410,Cash On Delivery,"1361 Sarah Ford, Denisetown, CT 35481",2025-07-31,3
410,5410,3,2025-07-20,175,Credit Card,"52466 Rachel Plaza, South Ashley, KS 06345",2025-08-09,2
411,5411,2,2025-05-31,163,Debit Card,"97471 Brown Park Suite 053, New Kevin, AR 85256",2025-06-30,2
412,5412,3,2025-06-25,414,Cash On Delivery,"52466 Rachel Plaza, South Ashley, KS 06345",2025-07-25,2
413,5413,1,2025-05-24,287,Cash On Delivery,"90171 Alexandra Mills, Port Jillianside, AL 21228",2025-06-03,1
414,5414,3,2025-07-13,356,Debit Card,"52466 Rachel Plaza, South Ashley, KS 06345",2025-07-23,1
415,5415,4,2025-08-01,268,Credit Card,"1361 Sarah Ford, Denisetown, CT 35481",2025-08-16,2
416,5416,1,2025-06-26,177,Credit Card,"90171 Alexandra Mills, Port Jillianside, AL 21228",2025-07-11,2
417,5417,2,2025-08-02,305,Cash On Delivery,"97471 Brown Park Suite 053, New Kevin, AR 85256",2025-09-01,1
418,5418,3,2025-08-15,196,Credit Card,"52466 Rachel Plaza, South Ashley, KS 06345",2025-09-14,2
419,5419,2,2025-05-27,199,Credit Card,"97471 Brown Park Suite 053, New Kevin, AR 85256",2025-06-26,2
420,5420,1,2025-06-08,357,Cash On Delivery,"90171 Alexandra Mills, Port Jillianside, AL 21228",2025-06-28,1
421,5421,2,2025-06-29,113,Cash On Delivery,"97471 Brown Park Suite 053, New Kevin, AR 85256",2025-07-14,1
422,5422,4,2025-07-10,349,PayPal,"1361 Sarah Ford, Denisetown, CT 35481",2025-07-20,3
423,5423,2,2025-06-12,386,PayPal,"97471 Brown Park Suite 053, New Kevin, AR 85256",2025-06-22,1
424,5424,4,2025-07-17,433,PayPal,"1361 Sarah Ford, Denisetown, CT 35481",2025-08-06,2
425,5425,3,2025-07-04,464,Cash On Delivery,"52466 Rachel Plaza, South Ashley, KS 06345",2025-07-24,1
426,5426,1,2025-07-15,379,Credit Card,"90171 Alexandra Mills, Port Jillianside, AL 21228",2025-07-30,2
427,5427,4,2025-06-02,132,Cash On Delivery,"1361 Sarah Ford, Denisetown, CT 35481",2025-06-17,3
428,5428,2,2025-08-02,266,Credit Card,"97471 Brown Park Suite 053, New Kevin, AR 85256",2025-08-12,3
429,5429,2,2025-05-21,333,PayPal,"97471 Brown Park Suite 053, New Kevin, AR 85256",2025-06-10,2
430,5430,3,2025-06-19,352,Cash On Delivery,"52466 Rachel Plaza, South Ashley, KS 06345",2025-07-09,2
431,5431,3,2025-07-30,334,Cash On Delivery,"52466 Rachel Plaza, South Ashley, KS 06345",2025-08-29,2
432,5432,3,2025-06-10,263,Debit Card,"52466 Rachel Plaza, South Ashley, KS 06345",2025-06-25,2
433,5433,4,2025-06-02,485,PayPal,"1361 Sarah Ford, Denisetown, CT 35481",2025-07-02,3
434,5434,2,2025-05-20,283,PayPal,"97471 Brown Park Suite 053, New Kevin, AR 85256",2025-06-09,3
435,5435,3,2025-06-08,198,Debit Card,"52466 Rachel Plaza, South Ashley, KS 06345",2025-07-08,2
436,5436,4,2025-07-29,109,Cash On Delivery,"1361 Sarah Ford, Denisetown, CT 35481",2025-08-08,3
437,5437,2,2025-07-10,462,Debit Card,"97471 Brown Park Suite 053, New Kevin, AR 85256",2025-07-20,2
438,5438,3,2025-06-08,380,PayPal,"52466 Rachel Plaza, South Ashley, KS 06345",2025-07-08,1
439,5439,1,2025-06-28,223,Credit Card,"90171 Alexandra Mills, Port Jillianside, AL 21228",2025-07-08,1
440,5440,3,2025-07-06,328,Debit Card,"52466 Rachel Plaza, South Ashley, KS 06345",2025-08-05,3
441,5441,1,2025-07-16,388,Cash On Delivery,"90171 Alexandra Mills, Port Jillianside, AL 21228",2025-08-05,2
442,5442,3,2025-08-04,421,Cash On Delivery,"52466 Rachel Plaza, South Ashley, KS 06345",2025-08-14,2
443,5443,1,2025-06-12,293,Debit Card,"90171 Alexandra Mills, Port Jillianside, AL 21228",2025-06-22,3
444,5444,1,2025-07-19,132,Cash On Delivery,"90171 Alexandra Mills, Port Jillianside, AL 21228",2025-08-03,2
445,5445,2,2025-06-02,197,PayPal,"97471 Brown Park Suite 053, New Kevin, AR 85256",2025-06-12,1
446,5446,2,2025-08-17,387,PayPal,"97471 Brown Park Suite 053, New Kevin, AR 85256",2025-09-06,1
447,5447,2,2025-07-02,383,Cash On Delivery,"97471 Brown Park Suite 053, New Kevin, AR 85256",2025-07-12,3
448,5448,1,2025-08-07,395,Credit Card,"90171 Alexandra Mills, Port Jillianside, AL 21228",2025-08-17,1
449,5449,2,2025-06-25,218,PayPal,"97471 Brown Park Suite 053, New Kevin, AR 85256",2025-07-15,1
450,5450,4,2025-07-26,446,PayPal,"1361 Sarah Ford, Denisetown, CT 35481",2025-08-15,3
451,5451,4,2025-06-17,230,Credit Card,"1361 Sarah Ford, Denisetown, CT 35481",2025-07-17,2
452,5452,2,2025-05-30,423,PayPal,"97471 Brown Park Suite 053, New Kevin, AR 85256",2025-06-19,1
453,5453,3,2025-06-10,342,PayPal,"52466 Rachel Plaza, South Ashley, KS 06345",2025-06-20,3
454,5454,1,2025-06-12,379,Cash On Delivery,"90171 Alexandra Mills, Port Jillianside, AL 21228",2025-06-27,1
455,5455,2,2025-07-25,262,Cash On Delivery,"97471 Brown Park Suite 053, New Kevin, AR 85256",2025-08-14,3
456,5456,1,2025-07-09,329,PayPal,"90171 Alexandra Mills, Port Jillianside, AL 21228",2025-07-29,3
457,5457,2,2025-07-08,249,PayPal,"97471 Brown Park Suite 053, New Kevin, AR 85256",2025-07-28,2
458,5458,1,2025-08-14,168,Cash On Delivery,"90171 Alexandra Mills, Port Jillianside, AL 21228",2025-09-03,1
459,5459,4,2025-08-01,194,PayPal,"1361 Sarah Ford, Denisetown, CT 35481",2025-08-31,2
460,5460,4,2025-07-01,128,Cash On Delivery,"1361 Sarah Ford, Denisetown, CT 35481",2025-07-16,3
461,5461,3,2025-07-18,192,PayPal,"52466 Rachel Plaza, South Ashley, KS 06345",2025-08-07,1
462,5462,2,2025-07-30,406,Debit Card,"97471 Brown Park Suite 053, New Kevin, AR 85256",2025-08-19,2
463,5463,1,2025-07-20,405,PayPal,"90171 Alexandra Mills, Port Jillianside, AL 21228",2025-08-04,3
464,5464,1,2025-07-25,489,Cash On Delivery,"90171 Alexandra Mills, Port Jillianside, AL 21228",2025-08-04,2
465,5465,4,2025-05-31,457,Cash On Delivery,"1361 Sarah Ford, Denisetown, CT 35481",2025-06-30,3
466,5466,4,2025-08-07,233,Cash On Delivery,"1361 Sarah Ford, Denisetown, CT 35481",2025-08-27,2
467,5467,3,2025-08-16,263,PayPal,"52466 Rachel Plaza, South Ashley, KS 06345",2025-08-31,2
468,5468,4,2025-06-01,395,Credit Card,"1361 Sarah Ford, Denisetown, CT 35481",2025-06-11,3
469,5469,2,2025-06-28,280,Debit Card,"97471 Brown Park Suite 053, New Kevin, AR 85256",2025-07-13,2
470,5470,2,2025-06-10,401,Debit Card,"97471 Brown Park Suite 053, New Kevin, AR 85256",2025-07-10,2
471,5471,1,2025-08-01,105,PayPal,"90171 Alexandra Mills, Port Jillianside, AL 21228",2025-08-16,3
472,5472,3,2025-06-24,219,Cash On Delivery,"52466 Rachel Plaza, South Ashley, KS 06345",2025-07-04,3
473,5473,2,2025-08-06,248,PayPal,"97471 Brown Park Suite 053, New Kevin, AR 85256",2025-08-16,3
474,5474,2,2025-06-01,265,Debit Card,"97471 Brown Park Suite 053, New Kevin, AR 85256",2025-06-21,3
475,5475,2,2025-07-07,169,Cash On Delivery,"97471 Brown Park Suite 053, New Kevin, AR 85256",2025-07-22,3
476,5476,3,2025-07-31,389,Credit Card,"52466 Rachel Plaza, South Ashley, KS 06345",2025-08-30,3
477,5477,1,2025-07-03,439,Cash On Delivery,"90171 Alexandra Mills, Port Jillianside, AL 21228",2025-07-18,2
478,5478,3,2025-08-12,148,Debit Card,"52466 Rachel Plaza, South Ashley, KS 06345",2025-08-22,2
479,5479,2,2025-07-16,499,Credit Card,"97471 Brown Park Suite 053, New Kevin, AR 85256",2025-08-15,1
480,5480,2,2025-07-12,479,Debit Card,"97471 Brown Park Suite 053, New Kevin, AR 85256",2025-08-01,1
481,5481,2,2025-06-05,118,Cash On Delivery,"97471 Brown Park Suite 053, New Kevin, AR 85256",2025-06-20,2
482,5482,2,2025-08-05,342,Credit Card,"97471 Brown Park Suite 053, New Kevin, AR 85256",2025-08-15,1
483,5483,4,2025-06-27,335,Credit Card,"1361 Sarah Ford, Denisetown, CT 35481",2025-07-27,3
484,5484,2,2025-06-23,398,Credit Card,"97471 Brown Park Suite 053, New Kevin, AR 85256",2025-07-08,3
485,5485,4,2025-06-09,179,Debit Card,"1361 Sarah Ford, Denisetown, CT 35481",2025-06-29,1
486,5486,4,2025-06-03,317,Credit Card,"1361 Sarah Ford, Denisetown, CT 35481",2025-06-23,2
487,5487,3,2025-05-30,143,Cash On Delivery,"52466 Rachel Plaza, South Ashley, KS 06345",2025-06-19,3
488,5488,3,2025-07-31,168,Credit Card,"52466 Rachel Plaza, South Ashley, KS 06345",2025-08-20,1
489,5489,1,2025-06-16,323,Credit Card,"90171 Alexandra Mills, Port Jillianside, AL 21228",2025-07-06,3
490,5490,2,2025-05-24,192,Cash On Delivery,"97471 Brown Park Suite 053, New Kevin, AR 85256",2025-06-13,3
491,5491,4,2025-08-03,116,Cash On Delivery,"1361 Sarah Ford, Denisetown, CT 35481",2025-08-13,3
492,5492,4,2025-06-30,187,Credit Card,"1361 Sarah Ford, Denisetown, CT 35481",2025-07-20,1
493,5493,3,2025-07-22,324,Credit Card,"52466 Rachel Plaza, South Ashley, KS 06345",2025-08-01,3
494,5494,4,2025-06-18,346,Debit Card,"1361 Sarah Ford, Denisetown, CT 35481",2025-06-28,1
495,5495,2,2025-06-12,377,Debit Card,"97471 Brown Park Suite 053, New Kevin, AR 85256",2025-07-02,3
496,5496,1,2025-08-01,187,PayPal,"90171 Alexandra Mills, Port Jillianside, AL 21228",2025-08-21,3
497,5497,2,2025-07-14,239,PayPal,"97471 Brown Park Suite 053, New Kevin, AR 85256",2025-07-29,1
498,5498,1,2025-07-19,399,Credit Card,"90171 Alexandra Mills, Port Jillianside, AL 21228",2025-08-08,1
499,5499,1,2025-05-31,281,PayPal,"90171 Alexandra Mills, Port Jillianside, AL 21228",2025-06-20,3
500,5500,1,2025-07-21,350,PayPal,"90171 Alexandra Mills, Port Jillianside, AL 21228",2025-08-10,2
501,5501,1,2025-08-04,281,Credit Card,"90171 Alexandra Mills, Port Jillianside, AL 21228",2025-08-24,1
502,5502,2,2025-07-17,407,Cash On Delivery,"97471 Brown Park Suite 053, New Kevin, AR 85256",2025-08-16,3
503,5503,1,2025-07-01,423,Credit Card,"90171 Alexandra Mills, Port Jillianside, AL 21228",2025-07-21,1
504,5504,1,2025-07-16,415,Credit Card,"90171 Alexandra Mills, Port Jillianside, AL 21228",2025-07-31,3
505,5505,2,2025-07-29,424,Cash On Delivery,"97471 Brown Park Suite 053, New Kevin, AR 85256",2025-08-13,3
506,5506,3,2025-06-30,276,Debit Card,"52466 Rachel Plaza, South Ashley, KS 06345",2025-07-10,1
507,5507,2,2025-07-17,348,Cash On Delivery,"97471 Brown Park Suite 053, New Kevin, AR 85256",2025-08-16,1
508,5508,3,2025-07-27,136,Cash On Delivery,"52466 Rachel Plaza, South Ashley, KS 06345",2025-08-16,3
509,5509,3,2025-06-01,465,Credit Card,"52466 Rachel Plaza, South Ashley, KS 06345",2025-07-01,2
510,5510,4,2025-07-05,124,Cash On Delivery,"1361 Sarah Ford, Denisetown, CT 35481",2025-07-25,3
511,5511,3,2025-06-09,462,PayPal,"52466 Rachel Plaza, South Ashley, KS 06345",2025-06-19,3
512,5512,1,2025-08-11,317,PayPal,"90171 Alexandra Mills, Port Jillianside, AL 21228",2025-08-31,2
513,5513,4,2025-05-29,366,Cash On Delivery,"1361 Sarah Ford, Denisetown, CT 35481",2025-06-28,2
514,5514,1,2025-08-17,298,Credit Card,"90171 Alexandra Mills, Port Jillianside, AL 21228",2025-09-01,2
515,5515,4,2025-05-22,367,Credit Card,"1361 Sarah Ford, Denisetown, CT 35481",2025-06-21,2
516,5516,1,2025-07-29,363,PayPal,"90171 Alexandra Mills, Port Jillianside, AL 21228",2025-08-13,3
517,5517,3,2025-06-15,388,Cash On Delivery,"52466 Rachel Plaza, South Ashley, KS 06345",2025-07-05,1
518,5518,1,2025-06-16,372,Credit Card,"90171 Alexandra Mills, Port Jillianside, AL 21228",2025-07-06,3
519,5519,1,2025-05-29,109,Cash On Delivery,"90171 Alexandra Mills, Port Jillianside, AL 21228",2025-06-08,1
520,5520,2,2025-06-02,440,PayPal,"97471 Brown Park Suite 053, New Kevin, AR 85256",2025-07-02,3
521,5521,1,2025-07-09,243,PayPal,"90171 Alexandra Mills, Port Jillianside, AL 21228",2025-07-19,3
522,5522,1,2025-05-21,298,Credit Card,"90171 Alexandra Mills, Port Jillianside, AL 21228",2025-06-05,1
523,5523,4,2025-07-08,403,PayPal,"1361 Sarah Ford, Denisetown, CT 35481",2025-07-23,3
524,5524,1,2025-05-27,337,Credit Card,"90171 Alexandra Mills, Port Jillianside, AL 21228",2025-06-11,2
525,5525,3,2025-06-22,496,Credit Card,"52466 Rachel Plaza, South Ashley, KS 06345",2025-07-22,2
526,5526,2,2025-07-20,445,Credit Card,"97471 Brown Park Suite 053, New Kevin, AR 85256",2025-08-04,2
527,5527,3,2025-08-08,225,Credit Card,"52466 Rachel Plaza, South Ashley, KS 06345",2025-08-23,1
528,5528,2,2025-06-29,436,Cash On Delivery,"97471 Brown Park Suite 053, New Kevin, AR 85256",2025-07-09,2
529,5529,2,2025-08-05,462,PayPal,"97471 Brown Park Suite 053, New Kevin, AR 85256",2025-08-15,1
530,5530,1,2025-06-05,176,Credit Card,"90171 Alexandra Mills, Port Jillianside, AL 21228",2025-06-25,2
531,5531,2,2025-08-17,272,Credit Card,"97471 Brown Park Suite 053, New Kevin, AR 85256",2025-09-01,1
532,5532,4,2025-07-02,412,Cash On Delivery,"1361 Sarah Ford, Denisetown, CT 35481",2025-07-12,2
533,5533,4,2025-07-09,260,Credit Card,"1361 Sarah Ford, Denisetown, CT 35481",2025-07-24,1
534,5534,4,2025-08-03,178,Debit Card,"1361 Sarah Ford, Denisetown, CT 35481",2025-08-13,1
535,5535,4,2025-07-16,101,Cash On Delivery,"1361 Sarah Ford, Denisetown, CT 35481",2025-07-31,1
536,5536,1,2025-06-25,116,Cash On Delivery,"90171 Alexandra Mills, Port Jillianside, AL 21228",2025-07-05,1
537,5537,3,2025-06-05,255,PayPal,"52466 Rachel Plaza, South Ashley, KS 06345",2025-06-25,3
538,5538,1,2025-06-01,424,PayPal,"90171 Alexandra Mills, Port Jillianside, AL 21228",2025-06-16,3
539,5539,1,2025-07-18,276,Credit Card,"90171 Alexandra Mills, Port Jillianside, AL 21228",2025-07-28,1
540,5540,2,2025-07-14,135,PayPal,"97471 Brown Park Suite 053, New Kevin, AR 85256",2025-07-29,3
541,5541,3,2025-06-21,324,PayPal,"52466 Rachel Plaza, South Ashley, KS 06345",2025-07-01,1
542,5542,2,2025-06-25,163,PayPal,"97471 Brown Park Suite 053, New Kevin, AR 85256",2025-07-25,3
543,5543,1,2025-06-19,166,PayPal,"90171 Alexandra Mills, Port Jillianside, AL 21228",2025-07-09,3
544,5544,2,2025-07-18,369,Credit Card,"97471 Brown Park Suite 053, New Kevin, AR 85256",2025-08-07,3
545,5545,1,2025-06-07,466,PayPal,"90171 Alexandra Mills, Port Jillianside, AL 21228",2025-06-17,1
546,5546,3,2025-06-04,132,Debit Card,"52466 Rachel Plaza, South Ashley, KS 06345",2025-06-19,2
547,5547,4,2025-07-12,214,Credit Card,"1361 Sarah Ford, Denisetown, CT 35481",2025-08-01,3
548,5548,3,2025-06-09,370,Cash On Delivery,"52466 Rachel Plaza, South Ashley, KS 06345",2025-06-29,1
549,5549,2,2025-08-02,499,Debit Card,"97471 Brown Park Suite 053, New Kevin, AR 85256",2025-09-01,1
550,5550,2,2025-07-27,494,PayPal,"97471 Brown Park Suite 053, New Kevin, AR 85256",2025-08-26,2
551,5551,1,2025-07-25,453,Credit Card,"90171 Alexandra Mills, Port Jillianside, AL 21228",2025-08-14,3
552,5552,2,2025-06-02,385,Cash On Delivery,"97471 Brown Park Suite 053, New Kevin, AR 85256",2025-06-12,2
553,5553,1,2025-08-11,258,Debit Card,"90171 Alexandra Mills, Port Jillianside, AL 21228",2025-08-26,1
554,5554,3,2025-07-16,396,Cash On Delivery,"52466 Rachel Plaza, South Ashley, KS 06345",2025-07-31,1
555,5555,1,2025-06-16,158,Cash On Delivery,"90171 Alexandra Mills, Port Jillianside, AL 21228",2025-07-06,1
556,5556,2,2025-07-01,233,Cash On Delivery,"97471 Brown Park Suite 053, New Kevin, AR 85256",2025-07-21,1
557,5557,1,2025-06-26,206,Debit Card,"90171 Alexandra Mills, Port Jillianside, AL 21228",2025-07-26,1
558,5558,3,2025-06-29,169,Credit Card,"52466 Rachel Plaza, South Ashley, KS 06345",2025-07-14,3
559,5559,3,2025-06-13,468,Cash On Delivery,"52466 Rachel Plaza, South Ashley, KS 06345",2025-07-03,3
560,5560,4,2025-08-16,190,Debit Card,"1361 Sarah Ford, Denisetown, CT 35481",2025-08-31,2
561,5561,3,2025-07-26,262,PayPal,"52466 Rachel Plaza, South Ashley, KS 06345",2025-08-15,1
562,5562,4,2025-06-29,115,Debit Card,"1361 Sarah Ford, Denisetown, CT 35481",2025-07-19,1
563,5563,4,2025-07-26,484,Credit Card,"1361 Sarah Ford, Denisetown, CT 35481",2025-08-25,2
564,5564,4,2025-07-19,138,Credit Card,"1361 Sarah Ford, Denisetown, CT 35481",2025-08-03,2
565,5565,3,2025-07-01,233,Debit Card,"52466 Rachel Plaza, South Ashley, KS 06345",2025-07-21,2
566,5566,3,2025-08-03,164,PayPal,"52466 Rachel Plaza, South Ashley, KS 06345",2025-09-02,1
567,5567,3,2025-06-21,145,PayPal,"52466 Rachel Plaza, South Ashley, KS 06345",2025-07-11,3
568,5568,4,2025-07-18,305,Debit Card,"1361 Sarah Ford, Denisetown, CT 35481",2025-08-17,2
569,5569,4,2025-08-04,499,Credit Card,"1361 Sarah Ford, Denisetown, CT 35481",2025-09-03,3
570,5570,1,2025-05-25,417,Credit Card,"90171 Alexandra Mills, Port Jillianside, AL 21228",2025-06-04,3
571,5571,2,2025-06-23,162,PayPal,"97471 Brown Park Suite 053, New Kevin, AR 85256",2025-07-23,2
572,5572,3,2025-05-23,420,Credit Card,"52466 Rachel Plaza, South Ashley, KS 06345",2025-06-12,3
573,5573,1,2025-08-02,249,Cash On Delivery,"90171 Alexandra Mills, Port Jillianside, AL 21228",2025-08-22,3
574,5574,1,2025-05-25,265,PayPal,"90171 Alexandra Mills, Port Jillianside, AL 21228",2025-06-14,3
575,5575,1,2025-07-09,146,Cash On Delivery,"90171 Alexandra Mills, Port Jillianside, AL 21228",2025-07-19,3
576,5576,2,2025-08-09,383,Cash On Delivery,"97471 Brown Park Suite 053, New Kevin, AR 85256",2025-08-19,1
577,5577,4,2025-07-17,226,Cash On Delivery,"1361 Sarah Ford, Denisetown, CT 35481",2025-08-16,1
578,5578,3,2025-05-20,256,PayPal,"52466 Rachel Plaza, South Ashley, KS 06345",2025-06-04,3
579,5579,3,2025-08-06,311,Debit Card,"52466 Rachel Plaza, South Ashley, KS 06345",2025-09-05,3
580,5580,3,2025-08-14,205,Debit Card,"52466 Rachel Plaza, South Ashley, KS 06345",2025-09-03,3
581,5581,1,2025-07-27,161,Debit Card,"90171 Alexandra Mills, Port Jillianside, AL 21228",2025-08-06,1
582,5582,3,2025-07-15,310,Debit Card,"52466 Rachel Plaza, South Ashley, KS 06345",2025-08-04,2
583,5583,3,2025-08-01,289,PayPal,"52466 Rachel Plaza, South Ashley, KS 06345",2025-08-31,3
584,5584,4,2025-07-06,162,Debit Card,"1361 Sarah Ford, Denisetown, CT 35481",2025-08-05,2
585,5585,1,2025-08-08,373,Credit Card,"90171 Alexandra Mills, Port Jillianside, AL 21228",2025-08-28,1
586,5586,4,2025-07-21,420,PayPal,"1361 Sarah Ford, Denisetown, CT 35481",2025-08-10,1
587,5587,1,2025-06-17,234,PayPal,"90171 Alexandra Mills, Port Jillianside, AL 21228",2025-07-02,3
588,5588,2,2025-05-29,172,Debit Card,"97471 Brown Park Suite 053, New Kevin, AR 85256",2025-06-13,1
589,5589,2,2025-08-04,152,Cash On Delivery,"97471 Brown Park Suite 053, New Kevin, AR 85256",2025-08-14,3
590,5590,4,2025-07-18,136,Cash On Delivery,"1361 Sarah Ford, Denisetown, CT 35481",2025-08-07,3
591,5591,2,2025-06-09,476,PayPal,"97471 Brown Park Suite 053, New Kevin, AR 85256",2025-06-19,2
592,5592,4,2025-07-14,176,Debit Card,"1361 Sarah Ford, Denisetown, CT 35481",2025-08-03,3
593,5593,1,2025-05-22,266,Debit Card,"90171 Alexandra Mills, Port Jillianside, AL 21228",2025-06-01,2
594,5594,3,2025-07-12,277,PayPal,"52466 Rachel Plaza, South Ashley, KS 06345",2025-07-22,2
595,5595,1,2025-06-22,229,Debit Card,"90171 Alexandra Mills, Port Jillianside, AL 21228",2025-07-07,2
596,5596,1,2025-08-11,237,Debit Card,"90171 Alexandra Mills, Port Jillianside, AL 21228",2025-08-31,1
597,5597,4,2025-07-16,159,PayPal,"1361 Sarah Ford, Denisetown, CT 35481",2025-08-05,2
598,5598,1,2025-08-17,141,Credit Card,"90171 Alexandra Mills, Port Jillianside, AL 21228",2025-09-16,3
599,5599,1,2025-07-06,361,Debit Card,"90171 Alexandra Mills, Port Jillianside, AL 21228",2025-08-05,2
600,5600,1,2025-08-17,281,Cash On Delivery,"90171 Alexandra Mills, Port Jillianside, AL 21228",2025-09-06,1
601,5601,1,2025-07-22,171,Credit Card,"90171 Alexandra Mills, Port Jillianside, AL 21228",2025-08-21,1
602,5602,1,2025-08-16,272,Cash On Delivery,"90171 Alexandra Mills, Port Jillianside, AL 21228",2025-08-31,3
603,5603,2,2025-08-05,277,PayPal,"97471 Brown Park Suite 053, New Kevin, AR 85256",2025-08-15,2
604,5604,2,2025-06-01,355,PayPal,"97471 Brown Park Suite 053, New Kevin, AR 85256",2025-06-16,2
605,5605,4,2025-07-28,346,Debit Card,"1361 Sarah Ford, Denisetown, CT 35481",2025-08-07,1
606,5606,3,2025-05-26,498,Credit Card,"52466 Rachel Plaza, South Ashley, KS 06345",2025-06-15,3
607,5607,3,2025-08-01,481,PayPal,"52466 Rachel Plaza, South Ashley, KS 06345",2025-08-31,1
608,5608,4,2025-07-23,384,PayPal,"1361 Sarah Ford, Denisetown, CT 35481",2025-08-07,1
609,5609,4,2025-06-14,355,PayPal,"1361 Sarah Ford, Denisetown, CT 35481",2025-06-29,1
610,5610,1,2025-07-18,276,Credit Card,"90171 Alexandra Mills, Port Jillianside, AL 21228",2025-07-28,1
611,5611,4,2025-06-27,112,Credit Card,"1361 Sarah Ford, Denisetown, CT 35481",2025-07-27,2
612,5612,3,2025-07-05,485,PayPal,"52466 Rachel Plaza, South Ashley, KS 06345",2025-08-04,1
613,5613,4,2025-05-25,455,PayPal,"1361 Sarah Ford, Denisetown, CT 35481",2025-06-04,3
614,5614,2,2025-06-24,315,Debit Card,"97471 Brown Park Suite 053, New Kevin, AR 85256",2025-07-04,3
615,5615,3,2025-07-05,347,Debit Card,"52466 Rachel Plaza, South Ashley, KS 06345",2025-08-04,1
616,5616,2,2025-06-23,385,Debit Card,"97471 Brown Park Suite 053, New Kevin, AR 85256",2025-07-03,1
617,5617,3,2025-06-21,355,Cash On Delivery,"52466 Rachel Plaza, South Ashley, KS 06345",2025-07-06,1
618,5618,1,2025-05-22,227,PayPal,"90171 Alexandra Mills, Port Jillianside, AL 21228",2025-06-11,1
619,5619,3,2025-06-14,153,PayPal,"52466 Rachel Plaza, South Ashley, KS 06345",2025-06-29,2
620,5620,2,2025-08-13,409,Cash On Delivery,"97471 Brown Park Suite 053, New Kevin, AR 85256",2025-08-23,1
621,5621,2,2025-08-11,449,PayPal,"97471 Brown Park Suite 053, New Kevin, AR 85256",2025-08-26,3
622,5622,3,2025-05-28,259,PayPal,"52466 Rachel Plaza, South Ashley, KS 06345",2025-06-07,2
623,5623,2,2025-06-26,157,Cash On Delivery,"97471 Brown Park Suite 053, New Kevin, AR 85256",2025-07-06,1
624,5624,3,2025-08-07,132,Debit Card,"52466 Rachel Plaza, South Ashley, KS 06345",2025-08-22,3
625,5625,3,2025-05-24,371,PayPal,"52466 Rachel Plaza, South Ashley, KS 06345",2025-06-13,2
626,5626,4,2025-07-01,116,Debit Card,"1361 Sarah Ford, Denisetown, CT 35481",2025-07-11,3
627,5627,4,2025-07-11,249,PayPal,"1361 Sarah Ford, Denisetown, CT 35481",2025-07-31,1
628,5628,1,2025-07-20,309,Cash On Delivery,"90171 Alexandra Mills, Port Jillianside, AL 21228",2025-08-09,3
629,5629,4,2025-06-16,480,Credit Card,"1361 Sarah Ford, Denisetown, CT 35481",2025-07-01,2
630,5630,4,2025-06-04,421,Debit Card,"1361 Sarah Ford, Denisetown, CT 35481",2025-06-14,1
631,5631,1,2025-06-08,474,PayPal,"90171 Alexandra Mills, Port Jillianside, AL 21228",2025-06-18,2
632,5632,1,2025-06-14,250,Cash On Delivery,"90171 Alexandra Mills, Port Jillianside, AL 21228",2025-07-04,1
633,5633,4,2025-06-13,371,PayPal,"1361 Sarah Ford, Denisetown, CT 35481",2025-07-03,2
634,5634,3,2025-07-12,205,Cash On Delivery,"52466 Rachel Plaza, South Ashley, KS 06345",2025-08-01,2
635,5635,3,2025-07-21,293,Credit Card,"52466 Rachel Plaza, South Ashley, KS 06345",2025-07-31,2
636,5636,1,2025-05-27,397,PayPal,"90171 Alexandra Mills, Port Jillianside, AL 21228",2025-06-16,3
637,5637,4,2025-08-15,142,PayPal,"1361 Sarah Ford, Denisetown, CT 35481",2025-09-04,3
638,5638,4,2025-07-23,424,Cash On Delivery,"1361 Sarah Ford, Denisetown, CT 35481",2025-08-07,3
639,5639,1,2025-07-13,436,Debit Card,"90171 Alexandra Mills, Port Jillianside, AL 21228",2025-07-23,2
640,5640,1,2025-05-27,392,PayPal,"90171 Alexandra Mills, Port Jillianside, AL 21228",2025-06-11,3
641,5641,2,2025-06-30,471,Debit Card,"97471 Brown Park Suite 053, New Kevin, AR 85256",2025-07-10,3
642,5642,3,2025-07-23,323,Debit Card,"52466 Rachel Plaza, South Ashley, KS 06345",2025-08-12,3
643,5643,2,2025-07-03,405,Credit Card,"97471 Brown Park Suite 053, New Kevin, AR 85256",2025-07-18,2
644,5644,3,2025-08-03,288,PayPal,"52466 Rachel Plaza, South Ashley, KS 06345",2025-08-13,2
645,5645,1,2025-05-31,285,Cash On Delivery,"90171 Alexandra Mills, Port Jillianside, AL 21228",2025-06-10,3
646,5646,4,2025-08-01,334,PayPal,"1361 Sarah Ford, Denisetown, CT 35481",2025-08-31,2
647,5647,1,2025-08-07,416,Credit Card,"90171 Alexandra Mills, Port Jillianside, AL 21228",2025-08-27,1
648,5648,3,2025-05-20,233,PayPal,"52466 Rachel Plaza, South Ashley, KS 06345",2025-06-09,1
649,5649,2,2025-06-19,416,Cash On Delivery,"97471 Brown Park Suite 053, New Kevin, AR 85256",2025-07-09,1
650,5650,2,2025-06-07,492,Cash On Delivery,"97471 Brown Park Suite 053, New Kevin, AR 85256",2025-07-07,2
651,5651,4,2025-06-17,400,Cash On Delivery,"1361 Sarah Ford, Denisetown, CT 35481",2025-07-17,1
652,5652,1,2025-06-09,204,Debit Card,"90171 Alexandra Mills, Port Jillianside, AL 21228",2025-06-29,3
653,5653,3,2025-06-11,116,PayPal,"52466 Rachel Plaza, South Ashley, KS 06345",2025-06-21,2
654,5654,2,2025-05-27,118,PayPal,"97471 Brown Park Suite 053, New Kevin, AR 85256",2025-06-11,2
655,5655,3,2025-07-09,481,Credit Card,"52466 Rachel Plaza, South Ashley, KS 06345",2025-08-08,3
656,5656,3,2025-08-06,465,Debit Card,"52466 Rachel Plaza, South Ashley, KS 06345",2025-09-05,1
657,5657,2,2025-07-17,165,Debit Card,"97471 Brown Park Suite 053, New Kevin, AR 85256",2025-08-16,3
658,5658,4,2025-07-02,115,PayPal,"1361 Sarah Ford, Denisetown, CT 35481",2025-07-22,2
659,5659,1,2025-07-11,249,PayPal,"90171 Alexandra Mills, Port Jillianside, AL 21228",2025-07-31,3
660,5660,1,2025-06-12,394,Debit Card,"90171 Alexandra Mills, Port Jillianside, AL 21228",2025-07-02,2
661,5661,2,2025-07-03,150,Cash On Delivery,"97471 Brown Park Suite 053, New Kevin, AR 85256",2025-07-23,2
662,5662,3,2025-06-25,124,Cash On Delivery,"52466 Rachel Plaza, South Ashley, KS 06345",2025-07-15,2
663,5663,2,2025-07-29,110,PayPal,"97471 Brown Park Suite 053, New Kevin, AR 85256",2025-08-28,3
664,5664,2,2025-07-20,458,PayPal,"97471 Brown Park Suite 053, New Kevin, AR 85256",2025-08-04,2
665,5665,1,2025-06-12,212,PayPal,"90171 Alexandra Mills, Port Jillianside, AL 21228",2025-06-27,3
666,5666,1,2025-07-06,216,Debit Card,"90171 Alexandra Mills, Port Jillianside, AL 21228",2025-08-05,2
667,5667,2,2025-07-03,165,Debit Card,"97471 Brown Park Suite 053, New Kevin, AR 85256",2025-08-02,3
668,5668,1,2025-05-29,102,Cash On Delivery,"90171 Alexandra Mills, Port Jillianside, AL 21228",2025-06-28,3
669,5669,3,2025-05-31,206,Debit Card,"52466 Rachel Plaza, South Ashley, KS 06345",2025-06-30,1
670,5670,4,2025-06-24,320,Credit Card,"1361 Sarah Ford, Denisetown, CT 35481",2025-07-09,2
671,5671,4,2025-07-26,486,Cash On Delivery,"1361 Sarah Ford, Denisetown, CT 35481",2025-08-15,1
672,5672,2,2025-05-24,439,Credit Card,"97471 Brown Park Suite 053, New Kevin, AR 85256",2025-06-08,1
673,5673,1,2025-06-16,219,Cash On Delivery,"90171 Alexandra Mills, Port Jillianside, AL 21228",2025-06-26,1
674,5674,2,2025-05-23,389,Credit Card,"97471 Brown Park Suite 053, New Kevin, AR 85256",2025-06-22,1
675,5675,1,2025-08-12,344,Credit Card,"90171 Alexandra Mills, Port Jillianside, AL 21228",2025-09-11,3
676,5676,1,2025-06-25,489,Credit Card,"90171 Alexandra Mills, Port Jillianside, AL 21228",2025-07-05,1
677,5677,2,2025-06-27,443,PayPal,"97471 Brown Park Suite 053, New Kevin, AR 85256",2025-07-12,2
678,5678,1,2025-06-28,217,Credit Card,"90171 Alexandra Mills, Port Jillianside, AL 21228",2025-07-13,3
679,5679,4,2025-05-22,358,Debit Card,"1361 Sarah Ford, Denisetown, CT 35481",2025-06-01,2
680,5680,2,2025-07-12,333,Cash On Delivery,"97471 Brown Park Suite 053, New Kevin, AR 85256",2025-08-01,3
681,5681,1,2025-07-14,481,Cash On Delivery,"90171 Alexandra Mills, Port Jillianside, AL 21228",2025-08-13,3
682,5682,2,2025-07-17,327,Debit Card,"97471 Brown Park Suite 053, New Kevin, AR 85256",2025-08-06,1
683,5683,1,2025-06-25,240,Credit Card,"90171 Alexandra Mills, Port Jillianside, AL 21228",2025-07-15,2
684,5684,2,2025-07-25,388,Cash On Delivery,"97471 Brown Park Suite 053, New Kevin, AR 85256",2025-08-14,1
685,5685,2,2025-06-10,222,PayPal,"97471 Brown Park Suite 053, New Kevin, AR 85256",2025-06-30,1
686,5686,1,2025-06-01,253,Cash On Delivery,"90171 Alexandra Mills, Port Jillianside, AL 21228",2025-06-21,3
687,5687,4,2025-07-18,126,PayPal,"1361 Sarah Ford, Denisetown, CT 35481",2025-07-28,2
688,5688,2,2025-08-15,184,Cash On Delivery,"97471 Brown Park Suite 053, New Kevin, AR 85256",2025-08-30,2
689,5689,1,2025-07-12,343,Credit Card,"90171 Alexandra Mills, Port Jillianside, AL 21228",2025-08-01,3
690,5690,4,2025-06-24,478,Debit Card,"1361 Sarah Ford, Denisetown, CT 35481",2025-07-09,2
691,5691,1,2025-06-14,120,Credit Card,"90171 Alexandra Mills, Port Jillianside, AL 21228",2025-06-29,1
692,5692,2,2025-06-30,496,Debit Card,"97471 Brown Park Suite 053, New Kevin, AR 85256",2025-07-30,2
693,5693,3,2025-07-05,147,Cash On Delivery,"52466 Rachel Plaza, South Ashley, KS 06345",2025-07-25,2
694,5694,4,2025-05-28,483,PayPal,"1361 Sarah Ford, Denisetown, CT 35481",2025-06-27,3
695,5695,2,2025-06-21,488,PayPal,"97471 Brown Park Suite 053, New Kevin, AR 85256",2025-07-21,2
696,5696,2,2025-07-30,124,PayPal,"97471 Brown Park Suite 053, New Kevin, AR 85256",2025-08-19,2
697,5697,2,2025-07-16,173,PayPal,"97471 Brown Park Suite 053, New Kevin, AR 85256",2025-07-26,1
698,5698,1,2025-07-10,194,PayPal,"90171 Alexandra Mills, Port Jillianside, AL 21228",2025-08-09,2
699,5699,4,2025-07-06,145,Cash On Delivery,"1361 Sarah Ford, Denisetown, CT 35481",2025-07-26,3
700,5700,1,2025-06-22,480,PayPal,"90171 Alexandra Mills, Port Jillianside, AL 21228",2025-07-07,2
701,5701,2,2025-07-25,336,Debit Card,"97471 Brown Park Suite 053, New Kevin, AR 85256",2025-08-14,1
702,5702,4,2025-06-01,433,Credit Card,"1361 Sarah Ford, Denisetown, CT 35481",2025-06-21,2
703,5703,3,2025-07-05,133,Cash On Delivery,"52466 Rachel Plaza, South Ashley, KS 06345",2025-07-25,3
704,5704,2,2025-07-23,370,Cash On Delivery,"97471 Brown Park Suite 053, New Kevin, AR 85256",2025-08-12,2
705,5705,3,2025-06-29,439,PayPal,"52466 Rachel Plaza, South Ashley, KS 06345",2025-07-14,2
706,5706,4,2025-07-16,136,Credit Card,"1361 Sarah Ford, Denisetown, CT 35481",2025-08-05,1
707,5707,4,2025-08-04,354,Debit Card,"1361 Sarah Ford, Denisetown, CT 35481",2025-08-24,2
708,5708,3,2025-06-07,453,Debit Card,"52466 Rachel Plaza, South Ashley, KS 06345",2025-06-27,1
709,5709,2,2025-05-29,330,Credit Card,"97471 Brown Park Suite 053, New Kevin, AR 85256",2025-06-18,1
710,5710,1,2025-06-23,262,Credit Card,"90171 Alexandra Mills, Port Jillianside, AL 21228",2025-07-13,3
711,5711,2,2025-07-18,282,Credit Card,"97471 Brown Park Suite 053, New Kevin, AR 85256",2025-08-17,2
712,5712,4,2025-06-16,355,Debit Card,"1361 Sarah Ford, Denisetown, CT 35481",2025-07-01,2
713,5713,2,2025-06-23,106,Debit Card,"97471 Brown Park Suite 053, New Kevin, AR 85256",2025-07-08,2
714,5714,3,2025-08-02,191,Cash On Delivery,"52466 Rachel Plaza, South Ashley, KS 06345",2025-08-17,3
715,5715,1,2025-06-12,382,PayPal,"90171 Alexandra Mills, Port Jillianside, AL 21228",2025-06-27,2
716,5716,2,2025-05-30,165,Debit Card,"97471 Brown Park Suite 053, New Kevin, AR 85256",2025-06-29,3
717,5717,4,2025-08-05,457,Debit Card,"1361 Sarah Ford, Denisetown, CT 35481",2025-09-04,2
718,5718,2,2025-06-25,448,Credit Card,"97471 Brown Park Suite 053, New Kevin, AR 85256",2025-07-15,1
719,5719,4,2025-06-16,284,Cash On Delivery,"1361 Sarah Ford, Denisetown, CT 35481",2025-06-26,2
720,5720,2,2025-06-13,407,Debit Card,"97471 Brown Park Suite 053, New Kevin, AR 85256",2025-07-13,1
721,5721,3,2025-06-06,469,Cash On Delivery,"52466 Rachel Plaza, South Ashley, KS 06345",2025-07-06,2
722,5722,4,2025-05-30,239,Cash On Delivery,"1361 Sarah Ford, Denisetown, CT 35481",2025-06-14,1
723,5723,1,2025-08-08,446,Cash On Delivery,"90171 Alexandra Mills, Port Jillianside, AL 21228",2025-08-28,2
724,5724,4,2025-06-29,389,Cash On Delivery,"1361 Sarah Ford, Denisetown, CT 35481",2025-07-29,1
725,5725,3,2025-07-14,458,Credit Card,"52466 Rachel Plaza, South Ashley, KS 06345",2025-07-29,1
726,5726,3,2025-05-29,267,Debit Card,"52466 Rachel Plaza, South Ashley, KS 06345",2025-06-08,2
727,5727,2,2025-08-17,354,Cash On Delivery,"97471 Brown Park Suite 053, New Kevin, AR 85256",2025-09-06,3
728,5728,1,2025-07-06,216,Debit Card,"90171 Alexandra Mills, Port Jillianside, AL 21228",2025-08-05,2
729,5729,3,2025-07-15,205,Credit Card,"52466 Rachel Plaza, South Ashley, KS 06345",2025-08-04,1
730,5730,4,2025-06-30,124,Credit Card,"1361 Sarah Ford, Denisetown, CT 35481",2025-07-20,2
731,5731,3,2025-07-26,132,Credit Card,"52466 Rachel Plaza, South Ashley, KS 06345",2025-08-10,3
732,5732,2,2025-07-22,112,Cash On Delivery,"97471 Brown Park Suite 053, New Kevin, AR 85256",2025-08-21,3
733,5733,2,2025-06-14,296,Cash On Delivery,"97471 Brown Park Suite 053, New Kevin, AR 85256",2025-06-24,2
734,5734,4,2025-06-25,299,Debit Card,"1361 Sarah Ford, Denisetown, CT 35481",2025-07-10,2
735,5735,4,2025-07-22,377,Debit Card,"1361 Sarah Ford, Denisetown, CT 35481",2025-08-11,1
736,5736,4,2025-06-15,190,Debit Card,"1361 Sarah Ford, Denisetown, CT 35481",2025-06-30,2
737,5737,4,2025-06-18,115,Credit Card,"1361 Sarah Ford, Denisetown, CT 35481",2025-07-08,3
738,5738,2,2025-05-23,472,Credit Card,"97471 Brown Park Suite 053, New Kevin, AR 85256",2025-06-07,2
739,5739,4,2025-07-04,337,Debit Card,"1361 Sarah Ford, Denisetown, CT 35481",2025-07-19,3
740,5740,1,2025-07-06,386,Cash On Delivery,"90171 Alexandra Mills, Port Jillianside, AL 21228",2025-07-16,3
741,5741,2,2025-06-24,208,PayPal,"97471 Brown Park Suite 053, New Kevin, AR 85256",2025-07-04,3
742,5742,4,2025-05-30,394,PayPal,"1361 Sarah Ford, Denisetown, CT 35481",2025-06-19,1
743,5743,4,2025-05-31,470,Debit Card,"1361 Sarah Ford, Denisetown, CT 35481",2025-06-15,2
744,5744,3,2025-06-28,208,PayPal,"52466 Rachel Plaza, South Ashley, KS 06345",2025-07-08,1
745,5745,3,2025-07-19,245,Credit Card,"52466 Rachel Plaza, South Ashley, KS 06345",2025-08-08,3
746,5746,2,2025-05-25,273,Credit Card,"97471 Brown Park Suite 053, New Kevin, AR 85256",2025-06-14,1
747,5747,3,2025-07-03,310,Cash On Delivery,"52466 Rachel Plaza, South Ashley, KS 06345",2025-07-23,1
748,5748,1,2025-05-28,266,Credit Card,"90171 Alexandra Mills, Port Jillianside, AL 21228",2025-06-07,3
749,5749,3,2025-06-22,343,Credit Card,"52466 Rachel Plaza, South Ashley, KS 06345",2025-07-12,1
750,5750,4,2025-07-13,415,Credit Card,"1361 Sarah Ford, Denisetown, CT 35481",2025-07-28,2
751,5751,3,2025-07-24,267,Cash On Delivery,"52466 Rachel Plaza, South Ashley, KS 06345",2025-08-03,1
752,5752,2,2025-06-27,269,PayPal,"97471 Brown Park Suite 053, New Kevin, AR 85256",2025-07-07,3
753,5753,4,2025-07-11,336,Credit Card,"1361 Sarah Ford, Denisetown, CT 35481",2025-07-31,2
754,5754,3,2025-07-08,297,Debit Card,"52466 Rachel Plaza, South Ashley, KS 06345",2025-07-23,1
755,5755,4,2025-07-11,381,Cash On Delivery,"1361 Sarah Ford, Denisetown, CT 35481",2025-07-21,2
756,5756,1,2025-07-07,477,Cash On Delivery,"90171 Alexandra Mills, Port Jillianside, AL 21228",2025-07-17,2
757,5757,4,2025-08-05,429,Cash On Delivery,"1361 Sarah Ford, Denisetown, CT 35481",2025-09-04,3
758,5758,2,2025-06-28,122,Debit Card,"97471 Brown Park Suite 053, New Kevin, AR 85256",2025-07-13,1
759,5759,4,2025-08-08,468,Credit Card,"1361 Sarah Ford, Denisetown, CT 35481",2025-08-28,1
760,5760,1,2025-05-25,443,PayPal,"90171 Alexandra Mills, Port Jillianside, AL 21228",2025-06-09,2
761,5761,2,2025-06-19,147,Credit Card,"97471 Brown Park Suite 053, New Kevin, AR 85256",2025-07-09,2
762,5762,3,2025-07-20,136,Credit Card,"52466 Rachel Plaza, South Ashley, KS 06345",2025-08-09,2
763,5763,1,2025-06-22,169,Cash On Delivery,"90171 Alexandra Mills, Port Jillianside, AL 21228",2025-07-07,1
764,5764,1,2025-08-17,227,Credit Card,"90171 Alexandra Mills, Port Jillianside, AL 21228",2025-09-06,3
765,5765,2,2025-06-02,364,PayPal,"97471 Brown Park Suite 053, New Kevin, AR 85256",2025-06-22,2
766,5766,2,2025-08-06,492,Credit Card,"97471 Brown Park Suite 053, New Kevin, AR 85256",2025-09-05,2
767,5767,2,2025-08-12,435,Cash On Delivery,"97471 Brown Park Suite 053, New Kevin, AR 85256",2025-08-27,1
768,5768,4,2025-07-05,399,Credit Card,"1361 Sarah Ford, Denisetown, CT 35481",2025-07-25,2
769,5769,3,2025-08-07,418,Credit Card,"52466 Rachel Plaza, South Ashley, KS 06345",2025-08-27,3
770,5770,3,2025-06-12,311,Debit Card,"52466 Rachel Plaza, South Ashley, KS 06345",2025-07-12,1
771,5771,4,2025-06-15,402,Debit Card,"1361 Sarah Ford, Denisetown, CT 35481",2025-07-15,2
772,5772,3,2025-06-05,290,Debit Card,"52466 Rachel Plaza, South Ashley, KS 06345",2025-06-25,3
773,5773,1,2025-07-22,330,Debit Card,"90171 Alexandra Mills, Port Jillianside, AL 21228",2025-08-11,2
774,5774,1,2025-08-11,160,Debit Card,"90171 Alexandra Mills, Port Jillianside, AL 21228",2025-09-10,1
775,5775,2,2025-07-07,478,Cash On Delivery,"97471 Brown Park Suite 053, New Kevin, AR 85256",2025-07-22,2
776,5776,2,2025-06-16,393,Credit Card,"97471 Brown Park Suite 053, New Kevin, AR 85256",2025-07-01,2
777,5777,1,2025-07-02,163,Debit Card,"90171 Alexandra Mills, Port Jillianside, AL 21228",2025-08-01,2
778,5778,2,2025-05-25,346,Debit Card,"97471 Brown Park Suite 053, New Kevin, AR 85256",2025-06-04,1
779,5779,2,2025-06-25,242,Debit Card,"97471 Brown Park Suite 053, New Kevin, AR 85256",2025-07-25,2
780,5780,2,2025-06-29,245,Debit Card,"97471 Brown Park Suite 053, New Kevin, AR 85256",2025-07-19,2
781,5781,1,2025-05-23,417,Credit Card,"90171 Alexandra Mills, Port Jillianside, AL 21228",2025-06-02,1
782,5782,1,2025-07-06,386,Credit Card,"90171 Alexandra Mills, Port Jillianside, AL 21228",2025-07-16,1
783,5783,2,2025-08-10,473,Credit Card,"97471 Brown Park Suite 053, New Kevin, AR 85256",2025-09-09,2
784,5784,1,2025-06-13,183,PayPal,"90171 Alexandra Mills, Port Jillianside, AL 21228",2025-06-28,1
785,5785,4,2025-06-06,216,PayPal,"1361 Sarah Ford, Denisetown, CT 35481",2025-07-06,1
786,5786,1,2025-06-23,348,Cash On Delivery,"90171 Alexandra Mills, Port Jillianside, AL 21228",2025-07-23,2
787,5787,2,2025-06-05,354,PayPal,"97471 Brown Park Suite 053, New Kevin, AR 85256",2025-06-25,2
788,5788,1,2025-08-05,496,PayPal,"90171 Alexandra Mills, Port Jillianside, AL 21228",2025-09-04,1
789,5789,1,2025-06-18,272,Cash On Delivery,"90171 Alexandra Mills, Port Jillianside, AL 21228",2025-07-03,1
790,5790,1,2025-06-08,293,Cash On Delivery,"90171 Alexandra Mills, Port Jillianside, AL 21228",2025-06-18,1
791,5791,2,2025-06-22,443,PayPal,"97471 Brown Park Suite 053, New Kevin, AR 85256",2025-07-07,1
792,5792,2,2025-06-11,262,Debit Card,"97471 Brown Park Suite 053, New Kevin, AR 85256",2025-07-01,2
793,5793,4,2025-05-21,445,Cash On Delivery,"1361 Sarah Ford, Denisetown, CT 35481",2025-06-05,1
794,5794,2,2025-08-04,117,Credit Card,"97471 Brown Park Suite 053, New Kevin, AR 85256",2025-09-03,2
795,5795,3,2025-07-29,480,PayPal,"52466 Rachel Plaza, South Ashley, KS 06345",2025-08-13,2
796,5796,1,2025-06-22,313,PayPal,"90171 Alexandra Mills, Port Jillianside, AL 21228",2025-07-22,3
797,5797,2,2025-06-10,125,Credit Card,"97471 Brown Park Suite 053, New Kevin, AR 85256",2025-06-30,1
798,5798,4,2025-06-03,419,Credit Card,"1361 Sarah Ford, Denisetown, CT 35481",2025-06-13,2
799,5799,1,2025-06-13,140,Debit Card,"90171 Alexandra Mills, Port Jillianside, AL 21228",2025-06-28,3
